id,first_name,last_name,email,gender,revenue,quota,start_date,clients,commission_rate
1,Haze,Simonyi,hsimonyi0@abc.net.au,Male,Euro,Zloty,10/26/2019,22,1.39
2,Peterus,Di Biagi,pdibiagi1@mac.com,Male,Taka,Tugrik,6/24/2019,19,11.2
3,Athene,Vasyunkin,,Female,Rupiah,Dirham,2/22/2020,17,11.61
4,Lana,Dyble,ldyble3@tinyurl.com,Female,Rupiah,Yuan Renminbi,12/28/2019,29,3.0
5,Cordey,Hallstone,challstone4@a8.net,Female,Yuan Renminbi,Yuan Renminbi,11/12/2019,20,4.48
6,Wit,Ballaam,wballaam5@merriam-webster.com,Male,Peso,Franc,10/25/2019,23,16.75
7,Ally,Panchen,apanchen6@sfgate.com,Female,Naira,Real,5/9/2019,20,6.49
8,Blane,Walshaw,bwalshaw7@woothemes.com,Male,Krona,Rupiah,4/2/2020,26,7.24
9,Bale,Eallis,beallis8@plala.or.jp,Male,Yuan Renminbi,Lev,6/4/2019,18,2.83
10,Seamus,Tumbelty,stumbelty9@lulu.com,Male,,Rupiah,1/12/2020,18,11.37
11,Andras,Dupree,adupreea@time.com,Male,Rupiah,Dollar,4/9/2020,20,7.74
12,Lewie,Rappaport,lrappaportb@youtube.com,Male,Hryvnia,Euro,7/12/2019,20,3.97
13,Kendre,Tinson,ktinsonc@furl.net,Female,Peso,Dram,9/20/2019,22,10.26
14,Kathy,Grzelczyk,kgrzelczykd@tripod.com,Female,Euro,Hryvnia,9/7/2019,10,16.16
15,Collin,Hencke,chenckee@bbb.org,Male,Peso,Rial,6/1/2019,16,12.56
16,Keriann,Seniour,kseniourf@g.co,Female,Peso,Rupiah,6/19/2019,2,7.32
17,Kaleena,Gotch,kgotchg@g.co,Female,Euro,Euro,6/28/2019,3,10.81
18,Siusan,Appleby,sapplebyh@ustream.tv,Female,Yuan Renminbi,Dollar,10/21/2019,1,6.02
19,Rochelle,Lunt,rlunti@live.com,Female,Real,Dong,9/11/2019,15,6.44
20,Cate,Antonacci,cantonaccij@npr.org,Female,Zloty,Won,9/24/2019,29,19.12
21,Mollie,McMurtyr,,Female,Real,Peso,12/11/2019,25,16.58
22,Gayle,Chestnutt,gchestnuttl@blogs.com,Male,Krona,Rupiah,3/28/2020,7,7.92
23,Sindee,Gozard,,Female,Ringgit,Krona,1/15/2020,22,11.63
24,Rosene,Gorrick,rgorrickn@boston.com,Female,Dinar,Real,3/11/2020,28,6.87
25,Ardyth,Schiefersten,aschiefersteno@google.cn,Female,Dollar,Euro,1/17/2020,15,6.2
26,Jedidiah,Cuddehy,jcuddehyp@live.com,Male,Rupiah,Rand,4/18/2020,7,7.82
27,Corny,Lernihan,clernihanq@i2i.jp,Male,Ruble,Yuan Renminbi,9/23/2019,9,12.77
28,Kellia,Coule,kcouler@wsj.com,Female,Hryvnia,Franc,3/13/2020,24,12.98
29,Caralie,Godby,cgodbys@topsy.com,Female,Ruble,Real,8/15/2019,4,19.97
30,Wolf,Gomersall,wgomersallt@clickbank.net,Male,Rupiah,Yuan Renminbi,10/1/2019,14,6.19
31,Puff,Loftin,ploftinu@exblog.jp,Male,Franc,Yuan Renminbi,8/9/2019,11,10.29
32,Lucine,Ilyuchyov,lilyuchyovv@github.io,Female,Rupiah,Real,5/1/2020,13,10.81
33,Cleon,Gennerich,cgennerichw@diigo.com,Male,Ruble,Ruble,4/5/2020,4,13.4
34,Felita,Lisciandri,flisciandrix@imageshack.us,Female,Sol,Zloty,1/31/2020,3,18.63
35,Mart,Drysdall,mdrysdally@sciencedaily.com,Male,Yen,Yen,9/30/2019,29,5.8
36,Obediah,Gerb,ogerbz@ca.gov,Male,Manat,Taka,4/4/2020,23,17.76
37,Miguela,Marushak,mmarushak10@cloudflare.com,Female,Yuan Renminbi,Euro,11/8/2019,12,1.89
38,Esmaria,Chittleburgh,echittleburgh11@narod.ru,Female,Koruna,Hryvnia,6/30/2019,28,12.73
39,Tanny,Bilbrook,tbilbrook12@github.io,Male,Yuan Renminbi,Peso,7/24/2019,30,1.09
40,Nari,Seczyk,nseczyk13@tripadvisor.com,Female,Rupiah,Peso,11/8/2019,1,19.89
41,Koenraad,Warrender,kwarrender14@cmu.edu,Male,Yuan Renminbi,Euro,8/8/2019,14,7.65
42,Emlynn,Leathart,eleathart15@prnewswire.com,Female,Peso,Peso,2/18/2020,17,18.5
43,Gerick,Pitsall,gpitsall16@icq.com,Male,Yen,Dram,7/22/2019,12,1.05
44,Kenny,Bracchi,kbracchi17@dyndns.org,Male,Ruble,Krona,4/11/2019,5,13.06
45,Carree,Molloy,cmolloy18@bloglovin.com,Female,Yuan Renminbi,Euro,5/8/2019,9,12.44
46,Darrel,Skillington,dskillington19@buzzfeed.com,Male,Rupiah,Rupiah,8/21/2019,27,2.37
47,Gwenneth,Guidotti,gguidotti1a@tuttocitta.it,Female,Real,Yuan Renminbi,9/22/2019,21,18.47
48,Merralee,Couche,mcouche1b@reverbnation.com,Female,Peso,Euro,6/24/2019,1,15.93
49,Alexandro,Wardle,awardle1c@buzzfeed.com,Male,Euro,Baht,4/24/2020,21,1.81
50,Robbin,Connochie,rconnochie1d@drupal.org,Female,Euro,Peso,1/28/2020,1,1.72
51,Kincaid,Eardley,keardley1e@comcast.net,Male,Sol,Peso,6/14/2019,7,11.15
52,Deina,Baily,dbaily1f@cnbc.com,Female,Peso,Yuan Renminbi,11/30/2019,30,10.91
53,Quincy,Lergan,qlergan1g@slideshare.net,Male,Pound,Rupiah,4/17/2019,10,12.48
54,Jennifer,Shearwood,jshearwood1h@macromedia.com,Female,Ruble,Yuan Renminbi,6/3/2019,14,10.11
55,Gabey,Reedick,greedick1i@artisteer.com,Female,Afghani,Dollar,4/11/2019,6,12.77
56,Cirstoforo,Fahrenbacher,cfahrenbacher1j@cdc.gov,Male,Peso,Franc,6/19/2019,27,6.36
57,Miof mela,Coat,mcoat1k@t-online.de,Female,Euro,Ruble,8/11/2019,15,18.17
58,Romy,Coda,rcoda1l@forbes.com,Female,Real,Pound,3/16/2020,26,6.94
59,Emery,Gaven,egaven1m@ihg.com,Male,Baht,Euro,6/1/2019,23,14.81
60,Lianna,Fishbourn,lfishbourn1n@hugedomains.com,Female,Euro,Ariary,12/12/2019,1,12.5
61,Dion,Kiefer,dkiefer1o@mashable.com,Female,Peso,Rupiah,5/1/2019,11,5.6
62,Beaufort,Laux,blaux1p@sfgate.com,Male,Ruble,Quetzal,5/23/2019,27,10.15
63,Darren,Lincey,dlincey1q@seesaa.net,Male,Euro,Peso,11/24/2019,7,12.0
64,Lucille,Klemz,lklemz1r@i2i.jp,Female,Rupiah,Peso,6/3/2019,26,4.01
65,Lory,Cronshaw,lcronshaw1s@1und1.de,Female,Euro,Yuan Renminbi,2/26/2020,20,10.31
66,Kalindi,Barbosa,kbarbosa1t@whitehouse.gov,Female,Yuan Renminbi,Euro,3/2/2020,13,3.35
67,Fransisco,Khotler,fkhotler1u@newyorker.com,Male,Rupiah,Zloty,9/13/2019,29,8.17
68,Walt,Mc Ilory,wmcilory1v@mlb.com,Male,,Euro,4/27/2019,3,17.03
69,Adi,Petran,apetran1w@marriott.com,Female,Rupiah,Koruna,6/20/2019,5,6.52
70,Janna,Matissoff,jmatissoff1x@goo.ne.jp,Female,Dinar,Krona,2/27/2020,17,13.37
71,Filippo,Tinline,ftinline1y@smh.com.au,Male,Peso,Rial,5/28/2019,1,10.38
72,Betsey,Hanley,bhanley1z@meetup.com,Female,Pula,Baht,10/9/2019,9,15.22
73,Hendrika,Ranklin,hranklin20@amazon.com,Female,Ruble,Real,5/13/2019,30,6.96
74,Eal,Ragborne,eragborne21@techcrunch.com,Male,Shilling,Cordoba,7/12/2019,4,14.95
75,Chaunce,Cremen,ccremen22@squarespace.com,Male,Peso,Euro,10/14/2019,25,17.75
76,Ilka,Burk,iburk23@umich.edu,Female,Rupiah,Dollar,7/5/2019,28,1.93
77,Basilius,Noods,bnoods24@yellowpages.com,Male,Baht,Euro,7/3/2019,15,14.02
78,Freda,Hizir,fhizir25@sitemeter.com,Female,Yuan Renminbi,Bolivar,12/7/2019,29,16.61
79,Dulcie,De Bruijn,ddebruijn26@squidoo.com,Female,Yuan Renminbi,Yuan Renminbi,3/3/2020,5,18.18
80,Maximo,Collabine,mcollabine27@gnu.org,Male,Yuan Renminbi,Rupiah,5/8/2019,7,2.12
81,Waldo,Mabb,wmabb28@wikipedia.org,Male,Baht,Tenge,10/10/2019,11,19.87
82,Virgil,Sycamore,vsycamore29@cpanel.net,Male,Yuan Renminbi,Euro,11/19/2019,21,14.92
83,Man,Dregan,mdregan2a@sogou.com,Male,Peso,Rupiah,11/16/2019,6,13.36
84,Yolane,Barwack,ybarwack2b@ed.gov,Female,Yuan Renminbi,Peso,3/17/2020,5,8.12
85,Dulci,Lowth,dlowth2c@list-manage.com,Female,Yuan Renminbi,Real,7/9/2019,14,18.77
86,Jack,Gepson,jgepson2d@imageshack.us,Male,Leone,Dollar,4/21/2020,15,1.42
87,Charissa,Jedrzejkiewicz,cjedrzejkiewicz2e@shareasale.com,Female,Yuan Renminbi,Euro,10/26/2019,22,6.56
88,Jammal,Bohea,jbohea2f@wix.com,Male,Zloty,Yuan Renminbi,8/6/2019,10,11.49
89,Marguerite,Boise,mboise2g@amazon.co.uk,Female,Ruble,Hryvnia,8/24/2019,2,1.73
90,Farrand,Firsby,ffirsby2h@twitpic.com,Female,Yuan Renminbi,Yen,2/19/2020,11,5.62
91,Stephanie,Darkin,sdarkin2i@chicagotribune.com,Female,Boliviano,Franc,7/30/2019,26,14.43
92,Tybalt,Cochrane,tcochrane2j@angelfire.com,Male,Peso,Dollar,4/22/2020,4,15.88
93,Tove,Hanhardt,thanhardt2k@cbc.ca,Female,Zloty,Koruna,6/2/2019,16,5.21
94,Emlen,Massot,emassot2l@uol.com.br,Male,Peso,Euro,5/26/2019,24,6.92
95,Jamison,Hynam,jhynam2m@hibu.com,Male,Yuan Renminbi,Yuan Renminbi,10/1/2019,4,5.09
96,Dode,Sherbourne,dsherbourne2n@cmu.edu,Female,Yuan Renminbi,Krona,3/9/2020,19,14.54
97,Kalil,Morbey,kmorbey2o@alibaba.com,Male,Ruble,Dong,3/28/2020,8,7.79
98,Peirce,MacDaid,pmacdaid2p@issuu.com,Male,Tenge,Rupiah,7/29/2019,1,14.05
99,Cedric,Dowber,cdowber2q@arizona.edu,Male,Dong,Peso,4/13/2020,5,12.21
100,Corenda,Martygin,cmartygin2r@plala.or.jp,Female,Peso,Sol,5/15/2019,11,4.97
101,Jedediah,Haversum,jhaversum2s@usa.gov,Male,Rial,Rupiah,3/24/2020,26,17.81
102,Julio,Hayhoe,jhayhoe2t@redcross.org,Male,Colon,Shekel,9/13/2019,30,17.79
103,Brandy,Bagnal,bbagnal2u@photobucket.com,Female,Lek,Ruble,11/12/2019,30,8.89
104,Drucy,Cud,dcud2v@salon.com,Female,Tenge,Ruble,2/22/2020,27,2.83
105,Corrine,Navan,cnavan2w@goodreads.com,Female,Real,Sol,12/5/2019,12,13.28
106,Waiter,Kenwright,wkenwright2x@hibu.com,Male,Euro,Zloty,4/8/2019,3,2.48
107,Jenda,Diaper,jdiaper2y@icio.us,Female,Marka,Real,9/27/2019,10,5.02
108,Jarrad,Peake,jpeake2z@dedecms.com,Male,Euro,Yuan Renminbi,7/30/2019,21,5.37
109,Enrika,Cockrell,ecockrell30@yolasite.com,Female,Rupiah,Naira,1/11/2020,12,11.97
110,Jephthah,Lazell,jlazell31@geocities.com,Male,Dinar,Zloty,11/10/2019,3,1.51
111,Bron,Atterbury,batterbury32@ow.ly,Male,Rial,Hryvnia,8/10/2019,3,16.31
112,Darrick,Conner,dconner33@bloglines.com,Male,Peso,Zloty,9/25/2019,23,13.52
113,Hatti,Braiden,hbraiden34@booking.com,Female,Krona,Tugrik,10/11/2019,23,16.33
114,Pieter,Rawsthorn,prawsthorn35@homestead.com,Male,Franc,Euro,4/19/2019,29,11.32
115,Rolfe,Putman,rputman36@360.cn,Male,Yuan Renminbi,Peso,7/16/2019,6,3.68
116,Johnathon,Edworthye,jedworthye37@skyrock.com,Male,Yuan Renminbi,Naira,5/2/2019,23,19.58
117,Cortie,Pote,cpote38@blogs.com,Male,Euro,Rupiah,4/23/2020,10,4.19
118,Jorry,Jocelyn,jjocelyn39@craigslist.org,Female,Yuan Renminbi,Denar,5/12/2019,26,2.27
119,Dionisio,Christoffe,dchristoffe3a@chron.com,Male,Ringgit,Afghani,8/27/2019,2,5.55
120,Margo,Springett,mspringett3b@smh.com.au,Female,Kuna,Peso,4/19/2019,3,6.15
121,Christopher,Beauchop,cbeauchop3c@tripadvisor.com,Male,Leu,Rupiah,5/1/2020,20,15.61
122,Mariejeanne,Mealand,mmealand3d@bigcartel.com,Female,Rupiah,Yuan Renminbi,5/2/2020,28,9.33
123,Matti,Burriss,mburriss3e@patch.com,Female,Real,Krona,2/20/2020,1,13.4
124,Neils,Gai,ngai3f@imdb.com,Male,Yen,Yuan Renminbi,12/1/2019,1,17.27
125,Inglis,Lindenbluth,ilindenbluth3g@loc.gov,Male,Zloty,Euro,6/25/2019,24,6.8
126,Rona,Sier,rsier3h@oakley.com,Female,Franc,Tugrik,2/2/2020,17,15.27
127,Talya,Skiplorne,tskiplorne3i@usnews.com,Female,Euro,Euro,3/29/2020,13,15.08
128,Jeannie,Cleugher,jcleugher3j@cafepress.com,Female,Lek,Euro,3/1/2020,27,8.02
129,Angela,Ruter,aruter3k@ehow.com,Female,Euro,Krone,8/20/2019,16,1.68
130,Shay,McGonigle,smcgonigle3l@cdc.gov,Male,Peso,Yuan Renminbi,2/18/2020,4,13.03
131,Chancey,Slaght,cslaght3m@soup.io,Male,Dollar,Euro,1/12/2020,25,16.43
132,Ira,Yaxley,iyaxley3n@google.cn,Male,Real,Rupiah,10/5/2019,30,1.74
133,Joannes,Gosson,jgosson3o@nature.com,Female,Peso,Kuna,12/20/2019,25,19.13
134,Carlotta,Gillyatt,cgillyatt3p@google.com,Female,Dirham,Rupiah,6/30/2019,13,5.28
135,Giulio,Townsend,gtownsend3q@etsy.com,Male,Balboa,Hryvnia,7/22/2019,13,11.93
136,Aloysius,Kopta,akopta3r@unesco.org,Male,Afghani,Ruble,6/3/2019,25,15.63
137,Sheri,Dootson,sdootson3s@icio.us,Female,Euro,Peso,3/1/2020,4,10.66
138,Mortimer,Rosenwald,mrosenwald3t@businessweek.com,Male,Zloty,Euro,6/19/2019,16,11.77
139,Jany,Lessmare,jlessmare3u@hibu.com,Female,Rupiah,Yuan Renminbi,11/5/2019,1,8.93
140,Aldridge,Graser,agraser3v@whitehouse.gov,Male,Hryvnia,Yuan Renminbi,5/9/2019,9,10.1
141,Moina,Whitmell,mwhitmell3w@timesonline.co.uk,Female,Real,Peso,2/20/2020,12,11.98
142,Yorker,Dewes,ydewes3x@scribd.com,Male,Peso,Sol,10/29/2019,27,1.8
143,Silvanus,Cornner,scornner3y@china.com.cn,Male,,Rupiah,2/5/2020,9,4.8
144,Cello,Bruckent,cbruckent3z@slideshare.net,Male,Yuan Renminbi,Ruble,6/2/2019,2,19.25
145,Paquito,Geist,pgeist40@miitbeian.gov.cn,Male,Dollar,Peso,3/4/2020,9,2.44
146,Sylas,Rowland,srowland41@globo.com,Male,Hryvnia,Zloty,10/19/2019,29,5.55
147,Claudetta,Camoys,ccamoys42@opensource.org,Female,Peso,Euro,3/6/2020,21,9.34
148,Zahara,Chestnut,zchestnut43@dion.ne.jp,Female,Rial,Dollar,3/18/2020,12,3.06
149,Ethelyn,Gaffer,egaffer44@blogtalkradio.com,Female,Peso,Krona,4/6/2019,19,7.31
150,Eveline,Drewitt,edrewitt45@nps.gov,Female,Sol,Yuan Renminbi,5/10/2019,23,13.06
151,Tessy,Sillwood,tsillwood46@digg.com,Female,Euro,Euro,9/7/2019,16,1.68
152,Willy,Petr,wpetr47@hhs.gov,Male,Yuan Renminbi,Peso,7/23/2019,15,3.84
153,Vallie,Coulling,vcoulling48@dot.gov,Female,Tenge,Yuan Renminbi,5/31/2019,29,11.69
154,Hugues,Janc,hjanc49@noaa.gov,Male,Zloty,Franc,5/16/2019,3,5.39
155,Adora,Hufton,ahufton4a@tinypic.com,Female,Pound,Pound,10/24/2019,13,15.09
156,Jeniffer,Tunnock,jtunnock4b@vk.com,Female,Yen,Yen,3/5/2020,25,12.38
157,Erroll,Cockcroft,ecockcroft4c@alibaba.com,Male,Krona,Rupiah,4/20/2020,19,3.17
158,Beryl,Farnan,bfarnan4d@shareasale.com,Female,Real,Dollar,5/30/2019,27,14.58
159,Martita,Belverstone,mbelverstone4e@slideshare.net,Female,Hryvnia,Cordoba,6/5/2019,19,10.99
160,Ansell,Maffulli,amaffulli4f@is.gd,Male,Real,Rand,6/13/2019,3,16.0
161,Vally,Eastby,veastby4g@linkedin.com,Female,Yen,Baht,4/12/2020,8,10.89
162,Correna,Stuchburie,cstuchburie4h@symantec.com,Female,Yuan Renminbi,Rupiah,6/11/2019,27,16.83
163,Shantee,MacCurley,smaccurley4i@slideshare.net,Female,Tugrik,Dollar,2/15/2020,20,10.11
164,Sandor,Lohden,slohden4j@census.gov,Male,Yuan Renminbi,Rupiah,4/5/2020,29,11.74
165,Spence,Fenning,sfenning4k@hc360.com,Male,Peso,Ruble,10/20/2019,13,7.96
166,Bard,Tanguy,btanguy4l@desdev.cn,Male,Peso,Peso,2/8/2020,7,13.15
167,Jenifer,Willars,jwillars4m@xinhuanet.com,Female,Rupiah,Yuan Renminbi,10/19/2019,17,6.46
168,Chic,Redish,credish4n@chicagotribune.com,Male,Rupiah,Yuan Renminbi,12/12/2019,22,2.98
169,Gerri,Alvin,galvin4o@sohu.com,Female,Yuan Renminbi,Franc,8/24/2019,25,7.78
170,Ibby,Greswell,igreswell4p@flickr.com,Female,Euro,Pula,6/27/2019,27,8.3
171,Carolann,Larcier,clarcier4q@shutterfly.com,Female,Ruble,Zloty,1/1/2020,16,12.71
172,Mariel,Mitkov,mmitkov4r@hp.com,Female,Ruble,Rupiah,9/18/2019,7,12.72
173,Huberto,Haycraft,hhaycraft4s@pinterest.com,Male,Yuan Renminbi,Euro,9/20/2019,1,15.13
174,Husein,Dedam,hdedam4t@toplist.cz,Male,Yuan Renminbi,Boliviano,11/16/2019,18,13.27
175,Stephani,Zaczek,szaczek4u@hexun.com,Female,Koruna,Ruble,8/14/2019,15,11.61
176,Monica,Billiard,mbilliard4v@google.co.jp,Female,Yuan Renminbi,Yuan Renminbi,8/2/2019,6,19.87
177,Mead,Denmead,mdenmead4w@ezinearticles.com,Female,Real,Dollar,4/15/2020,27,7.33
178,Jaclin,Tesimon,jtesimon4x@blogspot.com,Female,Zloty,Rupiah,4/27/2019,2,9.21
179,Filip,Sodeau,fsodeau4y@example.com,Male,Yuan Renminbi,Ngultrum,11/24/2019,14,14.99
180,Reece,Holliar,rholliar4z@fc2.com,Male,Euro,Yuan Renminbi,1/3/2020,7,11.76
181,Janel,Gillet,jgillet50@bravesites.com,Female,Zloty,Ruble,9/17/2019,19,16.1
182,Gates,Kleynermans,gkleynermans51@com.com,Female,Yuan Renminbi,Dirham,9/13/2019,5,9.28
183,Pip,Castaner,pcastaner52@indiatimes.com,Male,Yen,Ringgit,8/13/2019,28,12.94
184,Cahra,Wheble,cwheble53@qq.com,Female,Real,Real,6/2/2019,5,4.75
185,Mauricio,Dreye,mdreye54@flickr.com,Male,Tugrik,Yuan Renminbi,8/3/2019,9,6.13
186,Cart,Camamill,ccamamill55@epa.gov,Male,Leu,Yuan Renminbi,2/8/2020,25,10.28
187,Aldric,Tooley,atooley56@sphinn.com,Male,Dollar,Peso,4/5/2019,17,14.04
188,Enid,Linnit,elinnit57@harvard.edu,Female,Euro,Euro,2/9/2020,30,8.98
189,Vilhelmina,Judkin,vjudkin58@ed.gov,Female,Rupiah,Pound,10/25/2019,2,8.29
190,Rolland,Pabst,rpabst59@boston.com,Male,Yuan Renminbi,Yuan Renminbi,5/15/2019,24,17.01
191,Leandra,Kures,lkures5a@blogs.com,Female,Yuan Renminbi,Peso,4/24/2020,18,14.14
192,Maurine,Sawrey,msawrey5b@biblegateway.com,Female,,Rupiah,11/25/2019,9,12.35
193,Sabrina,Demcik,sdemcik5c@intel.com,Female,Taka,Rupiah,4/2/2019,3,11.65
194,Georgy,Atthowe,gatthowe5d@discuz.net,Male,Yuan Renminbi,Lempira,1/29/2020,3,10.39
195,Lucais,Hachette,lhachette5e@constantcontact.com,Male,Ruble,Peso,4/4/2019,8,9.23
196,Trixy,Strognell,tstrognell5f@hibu.com,Female,Yuan Renminbi,Shekel,10/30/2019,27,6.7
197,Clarinda,Crunkhurn,ccrunkhurn5g@hhs.gov,Female,,Ruble,10/17/2019,2,13.89
198,Cross,Pele,cpele5h@naver.com,Male,Rupiah,Yuan Renminbi,6/8/2019,20,7.6
199,Orsola,Rogister,orogister5i@ebay.co.uk,Female,Zloty,Ruble,8/17/2019,17,19.47
200,Marcel,Patters,mpatters5j@reddit.com,Male,Koruna,Euro,5/2/2020,30,3.35
201,Celina,Josifovic,cjosifovic5k@weibo.com,Female,Yen,Rupiah,5/25/2019,1,7.73
202,Simon,Leuren,sleuren5l@phpbb.com,Male,Peso,Pound,11/8/2019,26,1.7
203,Hasty,Hayer,hhayer5m@e-recht24.de,Male,Hryvnia,Euro,12/2/2019,18,7.55
204,Dolly,Fairbeard,dfairbeard5n@who.int,Female,Real,Yuan Renminbi,7/7/2019,14,16.38
205,Logan,Colbourne,lcolbourne5o@imdb.com,Male,,Rupiah,10/13/2019,17,8.17
206,Lev,Fasham,lfasham5p@dagondesign.com,Male,Rupiah,Dollar,9/24/2019,13,3.5
207,Elyn,Wilkison,ewilkison5q@nps.gov,Female,Ruble,Krone,8/29/2019,1,2.15
208,Temple,Emnoney,temnoney5r@wp.com,Male,Yuan Renminbi,Ariary,9/2/2019,25,5.33
209,Page,Wimbury,pwimbury5s@posterous.com,Female,Gourde,Euro,11/8/2019,3,9.38
210,Herrick,Toderini,htoderini5t@wikimedia.org,Male,Yuan Renminbi,Dollar,6/18/2019,10,13.72
211,Babb,Divell,bdivell5u@marriott.com,Female,Yuan Renminbi,Dollar,4/15/2020,18,10.73
212,Geri,Rocca,grocca5v@unc.edu,Male,Leone,Yuan Renminbi,4/29/2020,16,9.31
213,Gert,Pleasance,gpleasance5w@theguardian.com,Female,Sol,Ruble,5/10/2019,25,12.14
214,Vivia,Skains,vskains5x@amazonaws.com,Female,Yuan Renminbi,Ruble,2/6/2020,19,18.37
215,Shermie,Shoesmith,sshoesmith5y@businessinsider.com,Male,Yuan Renminbi,Zloty,8/20/2019,12,13.51
216,Camella,Marcam,cmarcam5z@soup.io,Female,,Euro,3/20/2020,21,16.08
217,Joeann,Kunzler,jkunzler60@amazonaws.com,Female,Yuan Renminbi,Yuan Renminbi,1/30/2020,23,17.19
218,Latisha,Brasher,lbrasher61@lycos.com,Female,Rupiah,Krona,1/11/2020,2,8.54
219,Cad,Filler,cfiller62@ftc.gov,Male,Ruble,Zloty,8/11/2019,21,6.96
220,Hank,Bockmaster,hbockmaster63@tuttocitta.it,Male,Ruble,Boliviano,4/5/2019,27,13.93
221,Jacqueline,McCay,jmccay64@ca.gov,Female,,Krona,6/9/2019,4,8.21
222,Harri,De Lorenzo,hdelorenzo65@barnesandnoble.com,Female,Yuan Renminbi,Rial,9/30/2019,10,9.51
223,Abbot,Gorch,agorch66@diigo.com,Male,Leone,Yuan Renminbi,10/20/2019,23,6.96
224,Jessalyn,Juniper,jjuniper67@g.co,Female,Yen,Dong,4/13/2020,21,4.58
225,Jack,Yurkevich,jyurkevich68@t-online.de,Male,Yuan Renminbi,Euro,4/1/2019,4,10.38
226,Emalia,Lewisham,elewisham69@about.me,Female,Kwacha,Rupiah,12/2/2019,17,5.84
227,Cozmo,Chalfont,cchalfont6a@earthlink.net,Male,Euro,Rial,5/5/2019,17,16.08
228,Charo,Garvill,cgarvill6b@hp.com,Female,Peso,Hryvnia,1/15/2020,15,5.98
229,Roshelle,Bleacher,rbleacher6c@shareasale.com,Female,Euro,Yuan Renminbi,7/23/2019,23,9.14
230,Hulda,Waren,hwaren6d@yolasite.com,Female,Peso,Rupiah,4/26/2019,20,4.0
231,Brandon,Golsby,bgolsby6e@tinypic.com,Male,Ariary,Euro,4/11/2020,20,11.08
232,Selena,Di Carli,sdicarli6f@storify.com,Female,Yuan Renminbi,Peso,3/10/2020,29,6.64
233,Gilemette,Spridgeon,gspridgeon6g@simplemachines.org,Female,Hryvnia,Peso,8/28/2019,20,12.6
234,Mel,Shoorbrooke,mshoorbrooke6h@csmonitor.com,Male,Yuan Renminbi,Baht,7/18/2019,1,15.76
235,Culver,Gallaher,cgallaher6i@loc.gov,Male,Yuan Renminbi,Zloty,7/20/2019,4,2.09
236,Had,Paprotny,hpaprotny6j@about.com,Male,Ruble,Euro,12/13/2019,27,7.63
237,Illa,Staley,istaley6k@meetup.com,Female,Yuan Renminbi,Euro,8/3/2019,19,4.65
238,Rodolphe,Rosettini,rrosettini6l@unicef.org,Male,Yuan Renminbi,Real,5/14/2019,4,18.93
239,Bailey,Dunsmore,bdunsmore6m@quantcast.com,Male,Rupiah,Peso,12/30/2019,14,2.49
240,Ethyl,Reyner,ereyner6n@seattletimes.com,Female,Koruna,Peso,1/25/2020,29,14.32
241,Guilbert,Rushbury,grushbury6o@alexa.com,Male,Ruble,Euro,8/12/2019,24,16.61
242,Ruthe,Calbaithe,rcalbaithe6p@icq.com,Female,Franc,Peso,1/10/2020,20,8.69
243,Cletus,Ancliff,cancliff6q@mlb.com,Male,Ruble,Peso,4/21/2019,13,3.66
244,Edouard,Milbourn,emilbourn6r@youtu.be,Male,Dollar,Peso,12/26/2019,16,1.04
245,Franky,Harling,fharling6s@constantcontact.com,Male,Euro,Rupiah,5/26/2019,5,4.26
246,Dexter,Llewhellin,dllewhellin6t@bandcamp.com,Male,Ruble,Euro,11/25/2019,14,6.92
247,Alison,Alf,aalf6u@last.fm,Female,Krona,Yuan Renminbi,10/15/2019,18,9.38
248,Roderich,Wellings,rwellings6v@admin.ch,Male,Dong,Euro,6/22/2019,2,8.47
249,Rubi,Spall,rspall6w@dagondesign.com,Female,Rupiah,Tugrik,5/9/2019,29,15.51
250,Beulah,Londsdale,blondsdale6x@nsw.gov.au,Female,Real,Yuan Renminbi,3/11/2020,2,5.59
251,Silvanus,Biggs,sbiggs6y@sun.com,Male,Baht,Euro,9/18/2019,30,3.92
252,Odille,Barthelme,obarthelme6z@facebook.com,Female,Rupiah,Ruble,4/13/2020,8,3.69
253,Jenine,Fitzgerald,jfitzgerald70@weebly.com,Female,Zloty,Real,12/3/2019,28,10.47
254,Reamonn,Fewell,rfewell71@washingtonpost.com,Male,Koruna,Hryvnia,8/26/2019,25,8.02
255,Robinette,Maccree,rmaccree72@icq.com,Female,Ruble,Euro,4/7/2019,10,14.75
256,Lombard,Greneham,lgreneham73@cmu.edu,Male,Ruble,Rupiah,5/14/2019,25,6.67
257,Maudie,Schutter,mschutter74@free.fr,Female,Rand,Baht,8/21/2019,13,2.54
258,Carmon,Vynoll,cvynoll75@example.com,Female,Lek,Ruble,6/3/2019,7,13.07
259,Maudie,Linner,mlinner76@shop-pro.jp,Female,Dollar,Lempira,7/1/2019,7,9.36
260,Chelsy,Witul,cwitul77@eventbrite.com,Female,,Krone,12/9/2019,9,12.51
261,Sheree,Fido,sfido78@salon.com,Female,Sol,Ruble,3/14/2020,21,19.54
262,Siouxie,O'Griffin,sogriffin79@newyorker.com,Female,Yuan Renminbi,Euro,8/28/2019,26,3.56
263,Hanson,Bohling,hbohling7a@youtu.be,Male,Rupee,Ruble,10/26/2019,18,15.81
264,Ola,Foulcher,ofoulcher7b@dailymail.co.uk,Female,Peso,Euro,6/22/2019,15,1.94
265,Virginie,Ellaway,vellaway7c@qq.com,Female,Pula,Yuan Renminbi,8/11/2019,16,2.67
266,Mora,Jancik,mjancik7d@foxnews.com,Female,Yuan Renminbi,Euro,12/9/2019,9,8.71
267,Adler,Hendriks,,Male,Yuan Renminbi,Ruble,5/22/2019,13,2.0
268,Perren,Stoffersen,pstoffersen7f@soup.io,Male,Real,Rupiah,6/22/2019,6,11.56
269,Nicolea,Kobieriecki,nkobieriecki7g@slashdot.org,Female,Euro,Dollar,6/17/2019,30,17.63
270,Jamima,Falkingham,jfalkingham7h@msn.com,Female,Yuan Renminbi,Dong,7/5/2019,13,4.29
271,Clayson,Gollop,cgollop7i@reference.com,Male,Zloty,Baht,12/26/2019,1,11.02
272,Artie,McKendry,amckendry7j@vk.com,Male,Yuan Renminbi,Yuan Renminbi,4/7/2020,25,1.52
273,Celene,Lidgett,clidgett7k@mac.com,Female,Rupiah,Rupee,8/27/2019,16,8.42
274,Tallou,Hammell,thammell7l@cnn.com,Female,Ruble,Naira,12/14/2019,13,8.71
275,Dougie,Gillooly,dgillooly7m@liveinternet.ru,Male,Euro,Tugrik,2/26/2020,7,7.74
276,Zarla,Struijs,zstruijs7n@ebay.co.uk,Female,Hryvnia,Baht,3/3/2020,11,2.13
277,Elberta,Gerraty,egerraty7o@360.cn,Female,Rupiah,Zloty,2/17/2020,27,9.6
278,Maxy,McVeigh,mmcveigh7p@surveymonkey.com,Female,Yuan Renminbi,Rupiah,6/14/2019,22,7.83
279,Alvina,McIllrick,amcillrick7q@exblog.jp,Female,Hryvnia,Yuan Renminbi,8/28/2019,10,5.07
280,Thorpe,Seamons,tseamons7r@ocn.ne.jp,Male,Sol,Yuan Renminbi,12/5/2019,14,17.89
281,Alena,Houndesome,ahoundesome7s@hubpages.com,Female,Lempira,Ruble,6/5/2019,26,16.14
282,Merell,Bartholomew,mbartholomew7t@multiply.com,Male,Pound,Yen,2/13/2020,21,12.48
283,Nikolas,Brugsma,nbrugsma7u@elpais.com,Male,Euro,Yuan Renminbi,7/15/2019,26,15.77
284,Ameline,Todman,atodman7v@4shared.com,Female,Rupiah,Peso,7/6/2019,21,8.53
285,Kathe,Zieme,kzieme7w@scientificamerican.com,Female,Dollar,Zloty,7/21/2019,28,3.94
286,Cassy,Gebuhr,cgebuhr7x@admin.ch,Female,Dollar,Dalasi,11/29/2019,9,5.91
287,Hannis,Lashley,hlashley7y@tiny.cc,Female,Rial,Yuan Renminbi,2/1/2020,1,10.31
288,Selig,Coppo,scoppo7z@adobe.com,Male,Rand,Yuan Renminbi,2/6/2020,22,5.37
289,Berni,Gilburt,bgilburt80@over-blog.com,Female,Yuan Renminbi,Euro,7/9/2019,15,8.77
290,Nico,Deboick,ndeboick81@bbb.org,Male,Yuan Renminbi,Euro,12/12/2019,25,18.63
291,Jeffrey,Bernardes,jbernardes82@google.com,Male,Dinar,Rupiah,4/24/2020,2,9.52
292,Mychal,Fieldhouse,mfieldhouse83@chronoengine.com,Male,Escudo,Euro,4/7/2019,16,17.11
293,Britta,Eaklee,beaklee84@hubpages.com,Female,,Yuan Renminbi,3/26/2020,19,9.18
294,Aeriell,Balden,abalden85@psu.edu,Female,Won,Yuan Renminbi,4/7/2020,24,14.08
295,Billi,Pawels,bpawels86@webeden.co.uk,Female,Krona,Rupiah,11/10/2019,23,14.13
296,Alvie,Habershaw,ahabershaw87@twitpic.com,Male,Euro,Yuan Renminbi,5/1/2019,12,18.47
297,Neron,Winstone,nwinstone88@tiny.cc,Male,Ruble,Dirham,12/9/2019,19,10.02
298,Joshia,Prestland,jprestland89@bloglines.com,Male,Franc,Peso,1/24/2020,24,16.85
299,Pierce,Querrard,pquerrard8a@discuz.net,Male,Ruble,Rial,7/20/2019,30,5.91
300,Rocky,Burless,rburless8b@homestead.com,Male,Zloty,Dollar,1/17/2020,11,11.07
301,Dosi,Kopacek,dkopacek8c@umn.edu,Female,Tenge,Rupiah,11/25/2019,18,14.77
302,Renato,Thecham,rthecham8d@sbwire.com,Male,Ruble,Yuan Renminbi,3/2/2020,14,1.41
303,Marianna,Goldney,mgoldney8e@google.com.br,Female,Peso,Euro,2/11/2020,13,2.66
304,Alick,Yerby,ayerby8f@wikia.com,Male,Rupiah,Yen,2/6/2020,24,8.05
305,Fallon,Cicconetti,fcicconetti8g@cyberchimps.com,Female,Yuan Renminbi,Zloty,11/13/2019,16,16.36
306,Wyatt,Eatherton,weatherton8h@pagesperso-orange.fr,Male,Krone,Quetzal,3/19/2020,17,7.57
307,Yoko,Ygou,yygou8i@ca.gov,Female,Yuan Renminbi,Peso,10/26/2019,1,9.63
308,Amby,Downing,adowning8j@homestead.com,Male,Euro,Koruna,4/1/2020,21,6.24
309,Alexandrina,Jennaway,ajennaway8k@nbcnews.com,Female,Euro,Peso,4/5/2019,5,6.53
310,Jerad,Fairlam,jfairlam8l@ox.ac.uk,Male,Peso,Euro,10/7/2019,17,9.12
311,Terrye,Aspy,taspy8m@webmd.com,Female,Peso,Manat,5/10/2019,23,15.04
312,Zarla,Fuke,zfuke8n@netscape.com,Female,Dong,Yuan Renminbi,11/10/2019,26,4.47
313,Klemens,Breede,kbreede8o@skyrock.com,Male,Dinar,Sol,1/26/2020,15,4.77
314,Asa,Gillison,agillison8p@nsw.gov.au,Male,Yuan Renminbi,Peso,11/12/2019,10,17.65
315,Moss,Durrant,mdurrant8q@over-blog.com,Male,Yuan Renminbi,Real,8/6/2019,5,5.37
316,Wiley,Cona,wcona8r@wired.com,Male,Peso,Yuan Renminbi,5/25/2019,22,15.76
317,Lothario,Aysh,laysh8s@independent.co.uk,Male,Yuan Renminbi,Sol,4/30/2020,13,12.99
318,Charmain,Hamon,chamon8t@blinklist.com,Female,Yuan Renminbi,Rupiah,5/31/2019,14,11.42
319,Chickie,Briers,cbriers8u@seattletimes.com,Male,Peso,Ruble,4/9/2019,9,11.74
320,Donn,Crasswell,dcrasswell8v@blinklist.com,Male,Yen,Rial,9/22/2019,18,6.58
321,Ferguson,Di Carli,fdicarli8w@networksolutions.com,Male,Ruble,Dollar,3/14/2020,10,5.14
322,Luz,Leneve,lleneve8x@google.it,Female,Krona,Dirham,8/9/2019,3,10.35
323,Christine,Pagon,cpagon8y@yandex.ru,Female,Peso,Ruble,11/13/2019,1,13.54
324,Benedikt,Ilyasov,bilyasov8z@ifeng.com,Male,Dollar,Ruble,12/1/2019,25,8.45
325,Dian,Gilardi,dgilardi90@wired.com,Female,Peso,Yen,2/22/2020,30,17.38
326,Shandra,Humphrys,shumphrys91@gnu.org,Female,Som,Hryvnia,9/3/2019,25,16.38
327,Marlon,Mc Meekan,mmcmeekan92@theglobeandmail.com,Male,Peso,Sol,5/6/2019,17,3.36
328,Ellene,Tebbut,etebbut93@google.com,Female,Quetzal,Euro,11/7/2019,26,3.19
329,Bab,Lavallie,blavallie94@seesaa.net,Female,Real,Zloty,11/5/2019,3,12.49
330,Brendin,Ferdinand,bferdinand95@printfriendly.com,Male,Rupiah,Kuna,4/18/2020,8,6.66
331,Veda,Whines,vwhines96@reference.com,Female,Yen,Rupiah,11/5/2019,24,1.27
332,Colas,Colicot,ccolicot97@npr.org,Male,Kip,Real,2/5/2020,20,4.58
333,Bartlet,Malloy,bmalloy98@1688.com,Male,Krona,Yuan Renminbi,1/21/2020,26,2.84
334,Sonni,Melley,smelley99@quantcast.com,Female,Som,Yuan Renminbi,9/10/2019,14,11.12
335,Wallie,Duffer,wduffer9a@edublogs.org,Female,Baht,Euro,11/18/2019,13,6.22
336,Delbert,Medforth,dmedforth9b@deliciousdays.com,Male,Ruble,Koruna,12/13/2019,8,8.71
337,Stan,Ludwell,sludwell9c@ucoz.com,Male,Euro,Peso,12/31/2019,29,3.57
338,Thoma,Yerborn,tyerborn9d@edublogs.org,Male,Peso,Bolivar,4/1/2020,19,19.52
339,Corney,Kobke,ckobke9e@ebay.co.uk,Male,Rupiah,Gourde,1/18/2020,28,3.35
340,Sylvan,Cargenven,scargenven9f@mac.com,Male,Hryvnia,Quetzal,6/20/2019,24,5.69
341,Schuyler,Endricci,sendricci9g@gravatar.com,Male,Dinar,Krone,7/16/2019,23,16.56
342,Brittany,Thayre,bthayre9h@wikipedia.org,Female,Yuan Renminbi,Birr,5/7/2019,26,17.61
343,Anthea,Hebbes,ahebbes9i@nba.com,Female,Quetzal,Peso,2/28/2020,30,16.09
344,Madelyn,Piel,mpiel9j@theglobeandmail.com,Female,Ruble,Hryvnia,2/17/2020,17,9.29
345,Jenine,Galer,jgaler9k@disqus.com,Female,Dinar,Rupiah,6/4/2019,11,8.18
346,Kerby,Campagne,kcampagne9l@netvibes.com,Male,,Euro,9/23/2019,1,15.31
347,Ban,McCaughren,bmccaughren9m@ftc.gov,Male,Sol,Krona,4/11/2020,5,8.15
348,Daffy,Buesden,,Female,Euro,Dong,11/15/2019,17,2.71
349,Nonie,Christofle,nchristofle9o@4shared.com,Female,Euro,Hryvnia,11/12/2019,5,19.44
350,Patrizia,Kayley,pkayley9p@typepad.com,Female,Rupiah,Rupiah,5/7/2019,21,15.29
351,Margo,McNeish,mmcneish9q@dagondesign.com,Female,Rupiah,Taka,2/13/2020,30,10.07
352,Rhonda,Scranney,rscranney9r@who.int,Female,Rupiah,Dollar,4/28/2020,17,6.37
353,Cathyleen,Cabena,ccabena9s@com.com,Female,Krona,Yuan Renminbi,4/14/2019,14,3.91
354,Davon,Gimson,dgimson9t@ow.ly,Male,Baht,Rupiah,5/20/2019,26,12.01
355,Cristy,Cornil,ccornil9u@cornell.edu,Female,Euro,Naira,9/15/2019,21,11.58
356,Torr,Vreiberg,tvreiberg9v@who.int,Male,Yuan Renminbi,Zloty,6/9/2019,1,7.44
357,Chev,McWhin,cmcwhin9w@amazon.com,Male,Dollar,Yuan Renminbi,5/25/2019,2,10.89
358,Robert,O'Grady,rogrady9x@answers.com,Male,Kuna,Somoni,12/25/2019,25,9.41
359,Marj,Lorden,mlorden9y@cafepress.com,Female,Yuan Renminbi,Euro,10/21/2019,12,1.43
360,Prent,Marchant,pmarchant9z@posterous.com,Male,Real,Dollar,7/25/2019,28,17.18
361,Sol,Matteoni,smatteonia0@unc.edu,Male,Euro,Rupiah,2/22/2020,19,15.36
362,Sigismondo,Siemens,ssiemensa1@wikia.com,Male,,Peso,9/17/2019,26,10.35
363,Blake,Wisson,bwissona2@jigsy.com,Male,Ruble,Rupiah,6/9/2019,20,14.65
364,Kippie,Dunnaway,kdunnawaya3@facebook.com,Male,Yuan Renminbi,Yen,8/9/2019,19,6.59
365,Franciskus,Bergen,fbergena4@goodreads.com,Male,Yuan Renminbi,Rupiah,4/5/2020,10,10.49
366,Lemuel,Sutter,lsuttera5@shutterfly.com,Male,Taka,Rupiah,2/7/2020,19,9.35
367,Auguste,Durand,aduranda6@gmpg.org,Female,Yuan Renminbi,Koruna,9/13/2019,29,11.53
368,Arvin,Edmand,aedmanda7@dmoz.org,Male,Euro,Euro,10/20/2019,7,17.1
369,Ario,Westfalen,awestfalena8@bing.com,Male,Euro,Won,6/14/2019,5,1.54
370,Mechelle,Keemar,mkeemara9@cmu.edu,Female,Yuan Renminbi,Quetzal,10/29/2019,17,7.4
371,Kiley,Cardus,kcardusaa@java.com,Male,Rupiah,Dollar,11/19/2019,9,12.54
372,Iver,Ivanonko,iivanonkoab@wix.com,Male,Yuan Renminbi,Yuan Renminbi,2/3/2020,21,10.99
373,Tiffy,Bogace,tbogaceac@soup.io,Female,Dirham,Yuan Renminbi,12/25/2019,10,2.33
374,Spencer,McGillecole,smcgillecolead@godaddy.com,Male,,Euro,9/15/2019,17,5.38
375,Paola,Rannie,prannieae@diigo.com,Female,Euro,Yuan Renminbi,10/5/2019,19,11.88
376,Editha,Chaloner,echaloneraf@cnbc.com,Female,Yuan Renminbi,Dollar,2/15/2020,5,12.02
377,Patti,Duffrie,pduffrieag@umich.edu,Female,Dirham,Euro,1/31/2020,2,13.68
378,Chelsae,Dales,cdalesah@hc360.com,Female,Krona,Dollar,10/23/2019,14,16.06
379,Debby,Drillot,ddrillotai@npr.org,Female,Dollar,Yuan Renminbi,7/17/2019,20,9.23
380,Lorene,Downie,ldownieaj@cocolog-nifty.com,Female,Rial,Peso,12/8/2019,1,14.75
381,Erena,Elverstone,eelverstoneak@opera.com,Female,Yuan Renminbi,Real,10/15/2019,19,2.54
382,Leroy,Lilie,llilieal@google.com.br,Male,Euro,Hryvnia,4/19/2020,8,7.61
383,Kevon,Jeannard,kjeannardam@4shared.com,Male,Somoni,Euro,2/24/2020,18,9.33
384,Barry,Bennion,bbennionan@ucoz.com,Male,Dirham,Afghani,10/31/2019,20,4.32
385,Kass,Twiggs,ktwiggsao@goodreads.com,Female,Dinar,Koruna,6/1/2019,3,8.79
386,Marven,Winckworth,mwinckworthap@hud.gov,Male,Dollar,Koruna,12/13/2019,25,14.63
387,Ninnette,Shapero,nshaperoaq@sciencedaily.com,Female,Rupiah,Tenge,1/13/2020,17,8.99
388,Even,Cawt,ecawtar@gnu.org,Male,Rupiah,Rupiah,12/14/2019,9,17.15
389,Amber,Cork,acorkas@bbc.co.uk,Female,Ringgit,Euro,10/5/2019,29,17.83
390,Stefanie,Harrison,sharrisonat@cnet.com,Female,Yuan Renminbi,Hryvnia,7/18/2019,20,9.29
391,Kilian,Syer,ksyerau@oaic.gov.au,Male,Rupiah,Yuan Renminbi,9/16/2019,29,16.58
392,Kristofor,Simonsen,ksimonsenav@sohu.com,Male,Real,Ruble,10/12/2019,17,6.1
393,Tye,Grimsditch,tgrimsditchaw@psu.edu,Male,Peso,Zloty,9/11/2019,9,15.96
394,Gregoire,Cathel,gcathelax@sfgate.com,Male,Rupiah,Yuan Renminbi,8/1/2019,3,18.7
395,Garrot,MacSwayde,gmacswaydeay@prnewswire.com,Male,Krona,Krona,5/12/2019,4,6.71
396,Debora,McCrorie,dmccrorieaz@patch.com,Female,Peso,Dollar,11/8/2019,20,15.33
397,Bibi,Ort,bortb0@lulu.com,Female,Yuan Renminbi,Rupiah,10/2/2019,20,8.96
398,Mallory,Devey,mdeveyb1@so-net.ne.jp,Male,Gourde,Dong,12/4/2019,9,1.51
399,Jameson,Dorking,jdorkingb2@bloglines.com,Male,Krona,Yuan Renminbi,4/19/2019,14,14.45
400,Winston,Gillyatt,wgillyattb3@census.gov,Male,Sol,Yuan Renminbi,10/18/2019,20,7.12
401,Flossie,Benasik,fbenasikb4@miitbeian.gov.cn,Female,Taka,Rupiah,7/17/2019,21,3.62
402,Ahmad,Vsanelli,avsanellib5@pen.io,Male,Rial,Dollar,7/13/2019,18,11.2
403,Kevan,Conibear,kconibearb6@360.cn,Male,Euro,Yuan Renminbi,4/20/2019,24,12.44
404,Mordy,Jenicke,mjenickeb7@nps.gov,Male,Yuan Renminbi,Rupiah,5/5/2019,11,9.36
405,Moss,Karpeev,mkarpeevb8@opensource.org,Male,,Dollar,9/10/2019,30,1.68
406,Ashley,O'Dea,aodeab9@aol.com,Male,Sol,Baht,10/15/2019,23,8.52
407,Belicia,Pulteneye,bpulteneyeba@sakura.ne.jp,Female,Euro,Rupiah,5/5/2019,2,9.23
408,Spence,Given,sgivenbb@webnode.com,Male,Yen,Tugrik,12/19/2019,1,11.15
409,Chrisse,Adshead,cadsheadbc@dagondesign.com,Male,Yuan Renminbi,Rupiah,10/8/2019,30,13.41
410,Kippar,Hodgon,khodgonbd@pen.io,Male,Dinar,Peso,5/2/2019,26,13.7
411,Bernardo,Magarrell,bmagarrellbe@weibo.com,Male,Yuan Renminbi,Rupiah,7/4/2019,1,7.47
412,Imogen,Pinel,ipinelbf@irs.gov,Female,Dollar,Peso,1/11/2020,24,3.5
413,Brit,Stickland,,Male,Real,Yuan Renminbi,6/23/2019,29,11.69
414,Chelsae,Andreassen,,Female,Dollar,Yuan Renminbi,10/18/2019,25,11.91
415,Page,Grinter,pgrinterbi@msn.com,Male,Zloty,Pound,12/15/2019,16,7.98
416,Bryna,Laban,blabanbj@reddit.com,Female,Peso,Yuan Renminbi,10/25/2019,4,4.91
417,Bartolemo,Dossettor,bdossettorbk@mlb.com,Male,Peso,Krona,8/11/2019,26,9.78
418,Daphene,Dallander,ddallanderbl@people.com.cn,Female,Yuan Renminbi,Peso,4/25/2019,4,12.71
419,Krissie,Milam,kmilambm@friendfeed.com,Female,Naira,Ruble,6/13/2019,3,17.94
420,Rodd,Iacobacci,riacobaccibn@wisc.edu,Male,Franc,Dinar,10/16/2019,26,14.85
421,Gussy,McParlin,gmcparlinbo@mail.ru,Female,Somoni,Rupiah,5/12/2019,2,5.87
422,Prissie,Briscow,pbriscowbp@chicagotribune.com,Female,Baht,Euro,6/21/2019,19,10.11
423,Ford,Hlavac,fhlavacbq@sohu.com,Male,Yuan Renminbi,Baht,6/21/2019,7,11.09
424,Clo,Finey,cfineybr@alibaba.com,Female,Peso,Euro,3/9/2020,8,17.48
425,Mark,Northcliffe,mnorthcliffebs@go.com,Male,Rupiah,Yuan Renminbi,7/27/2019,23,15.84
426,Gunar,McConigal,gmcconigalbt@webs.com,Male,Rupiah,Koruna,2/22/2020,20,14.42
427,Delmor,Willshere,dwillsherebu@furl.net,Male,Peso,Euro,3/7/2020,14,4.1
428,Demetre,Shutler,dshutlerbv@nyu.edu,Male,Sol,Real,9/3/2019,3,8.02
429,Concordia,Orris,corrisbw@ftc.gov,Female,Euro,Euro,11/19/2019,1,10.12
430,Lief,Brandino,lbrandinobx@behance.net,Male,Euro,Krona,4/27/2020,1,15.48
431,Mari,Gladbach,mgladbachby@360.cn,Female,Real,Dinar,4/13/2019,5,2.66
432,Anselm,Lorens,alorensbz@hp.com,Male,Peso,Real,9/10/2019,21,6.7
433,Aloysius,Antoons,aantoonsc0@ibm.com,Male,Euro,Yuan Renminbi,4/19/2020,18,18.61
434,Winn,Gontier,wgontierc1@ebay.co.uk,Male,Yuan Renminbi,Rupiah,12/28/2019,13,17.48
435,Emile,Valentino,evalentinoc2@imdb.com,Male,Pula,Yuan Renminbi,5/21/2019,7,8.57
436,Berny,Beaston,bbeastonc3@springer.com,Male,Dollar,Yuan Renminbi,4/1/2019,8,7.5
437,Otis,Delleschi,odelleschic4@fastcompany.com,Male,Yuan Renminbi,Yuan Renminbi,1/24/2020,22,14.95
438,Alexia,Bedward,abedwardc5@istockphoto.com,Female,Koruna,Peso,8/19/2019,9,18.64
439,Bobbe,MacCahey,bmaccaheyc6@usgs.gov,Female,Euro,Yuan Renminbi,6/2/2019,15,12.19
440,Silvia,Attle,sattlec7@merriam-webster.com,Female,Hryvnia,Yuan Renminbi,7/10/2019,22,11.19
441,Cassondra,Wyley,cwyleyc8@ebay.com,Female,Pula,Dong,6/16/2019,25,3.61
442,Tobe,Helbeck,thelbeckc9@simplemachines.org,Male,Real,Dollar,8/15/2019,26,12.94
443,Briney,Comerford,bcomerfordca@artisteer.com,Female,Euro,Lek,11/25/2019,27,12.28
444,Ilene,Saggers,,Female,Rupiah,Peso,5/27/2019,2,15.61
445,Eward,Blackler,eblacklercc@cocolog-nifty.com,Male,Yuan Renminbi,Tugrik,8/23/2019,20,15.93
446,Sanford,Alessandretti,salessandretticd@printfriendly.com,Male,Peso,Rial,1/31/2020,8,19.91
447,Farlie,Elesander,felesanderce@wp.com,Male,Dram,Euro,10/3/2019,23,17.5
448,Skipton,Braizier,sbraiziercf@hibu.com,Male,Tugrik,Dollar,2/6/2020,22,3.2
449,Robby,Peltzer,rpeltzercg@icq.com,Male,Marka,Euro,1/18/2020,2,19.6
450,Lance,Masurel,lmasurelch@weebly.com,Male,Ruble,Rupee,1/10/2020,23,4.24
451,Jessi,Duny,jdunyci@free.fr,Female,Euro,Rupiah,3/28/2020,10,14.04
452,Arther,Corradengo,acorradengocj@example.com,Male,Euro,Dong,6/4/2019,25,14.07
453,Bogart,Mutch,bmutchck@issuu.com,Male,Peso,Dollar,10/23/2019,22,8.17
454,Arron,O' Culligan,aoculligancl@sciencedaily.com,Male,Euro,Peso,8/28/2019,1,4.75
455,Linzy,McComiskey,lmccomiskeycm@harvard.edu,Female,Rupee,Euro,3/30/2020,7,2.06
456,Kory,Nevison,knevisoncn@nature.com,Male,Rial,Yuan Renminbi,3/2/2020,9,17.04
457,Eliot,De Bell,edebellco@plala.or.jp,Male,Rial,Rupiah,1/27/2020,10,6.35
458,Jacobo,Baybutt,jbaybuttcp@samsung.com,Male,Euro,Yuan Renminbi,4/10/2019,9,6.43
459,Darrin,Vorley,dvorleycq@blogtalkradio.com,Male,Ruble,Boliviano,8/26/2019,9,5.36
460,Currey,Filippi,cfilippicr@angelfire.com,Male,Rupiah,Yuan Renminbi,8/16/2019,27,17.9
461,Lucais,Solland,lsollandcs@wufoo.com,Male,Sol,Dinar,3/12/2020,2,10.3
462,Urbano,Lechmere,ulechmerect@digg.com,Male,Dollar,Peso,10/4/2019,6,19.32
463,Hamnet,Dungay,hdungaycu@last.fm,Male,Yuan Renminbi,Marka,4/23/2020,17,3.04
464,Roxy,Kibbee,rkibbeecv@nydailynews.com,Female,Pound,Baht,11/4/2019,2,18.61
465,Melly,Mancktelow,mmancktelowcw@ovh.net,Female,Peso,Baht,4/8/2020,30,4.64
466,Laney,Scanlin,lscanlincx@networkadvertising.org,Male,Yuan Renminbi,Yuan Renminbi,6/16/2019,16,11.05
467,Moreen,Sibbson,msibbsoncy@ihg.com,Female,Rupiah,Zloty,10/19/2019,3,14.05
468,Patricia,Rollings,prollingscz@scientificamerican.com,Female,Euro,Euro,3/24/2020,7,4.22
469,Tudor,Teanby,tteanbyd0@nymag.com,Male,Denar,Rupiah,4/25/2019,3,16.52
470,Katrine,Royste,kroysted1@unicef.org,Female,Real,Dollar,2/18/2020,28,15.93
471,Phaidra,Cufley,pcufleyd2@shareasale.com,Female,Peso,Dollar,7/29/2019,2,12.13
472,Ysabel,Wann,ywannd3@newsvine.com,Female,Sol,Peso,11/1/2019,18,17.37
473,Homere,Bennetts,hbennettsd4@yellowbook.com,Male,Euro,Yuan Renminbi,3/31/2020,16,7.43
474,Lacy,McFetridge,lmcfetridged5@live.com,Female,Yuan Renminbi,Yuan Renminbi,10/25/2019,5,11.89
475,Philomena,Skae,pskaed6@netvibes.com,Female,Baht,Quetzal,7/31/2019,27,9.86
476,Bennie,Nutty,bnuttyd7@cbsnews.com,Female,Ruble,Krona,6/23/2019,1,1.83
477,Blisse,Swett,bswettd8@wunderground.com,Female,Euro,Hryvnia,4/10/2019,5,1.98
478,Syd,Gildersleaves,sgildersleavesd9@google.pl,Male,Peso,Yuan Renminbi,9/23/2019,7,12.5
479,Kylie,Robillart,krobillartda@nymag.com,Female,Rupiah,Yen,7/9/2019,25,16.64
480,Tim,Batchelar,tbatchelardb@ezinearticles.com,Female,Euro,Ruble,9/23/2019,9,19.29
481,Feliza,Wastell,fwastelldc@blogspot.com,Female,Yuan Renminbi,Euro,1/29/2020,23,14.62
482,Moritz,Cartin,mcartindd@blogs.com,Male,Litas,Dinar,4/23/2020,3,13.88
483,Grethel,Lorence,glorencede@admin.ch,Female,Som,Rupiah,1/22/2020,19,1.91
484,Lorena,Antonomolii,lantonomoliidf@taobao.com,Female,,Sol,2/3/2020,9,1.91
485,Deane,Leeves,dleevesdg@booking.com,Female,Euro,Euro,2/12/2020,4,13.61
486,Darcy,Hryniewicki,dhryniewickidh@usatoday.com,Female,Dollar,Yuan Renminbi,7/1/2019,25,2.52
487,Valerye,Peerman,vpeermandi@dropbox.com,Female,Tugrik,Dollar,10/30/2019,23,4.68
488,Trey,Lyon,tlyondj@digg.com,Male,Peso,Ruble,10/8/2019,7,10.39
489,Hollis,Skellorne,hskellornedk@networkadvertising.org,Male,Rupee,Franc,1/8/2020,6,7.2
490,Mariette,Carlile,mcarliledl@comcast.net,Female,Real,Sol,1/12/2020,1,13.76
491,Donnajean,De Filippis,ddefilippisdm@nhs.uk,Female,Koruna,Ruble,8/10/2019,5,18.66
492,Langsdon,Deely,ldeelydn@psu.edu,Male,Yuan Renminbi,Yuan Renminbi,5/29/2019,26,15.24
493,Jessamyn,Bolzen,jbolzendo@archive.org,Female,Yuan Renminbi,Peso,2/21/2020,13,16.2
494,Mehetabel,Lindsell,mlindselldp@telegraph.co.uk,Female,Euro,Hryvnia,2/13/2020,16,10.53
495,Beatrice,Shermar,bshermardq@chron.com,Female,Yuan Renminbi,Yuan Renminbi,12/30/2019,1,17.62
496,Tildie,Lever,tleverdr@chronoengine.com,Female,Peso,Yuan Renminbi,3/11/2020,17,9.86
497,Warden,Rivallant,wrivallantds@hud.gov,Male,Yuan Renminbi,Rupiah,10/19/2019,7,11.77
498,Kendell,Cuff,kcuffdt@ocn.ne.jp,Male,Yuan Renminbi,Euro,5/20/2019,11,18.27
499,Graeme,Rounsivall,grounsivalldu@google.pl,Male,Peso,Euro,1/11/2020,6,17.34
500,Debi,Courvert,dcourvertdv@meetup.com,Female,Real,Euro,6/29/2019,7,7.58
501,Dasie,Spaule,dspauledw@merriam-webster.com,Female,Yuan Renminbi,Yuan Renminbi,10/31/2019,5,8.3
502,Damiano,Kiefer,dkieferdx@nyu.edu,Male,Euro,Leu,5/18/2019,9,2.45
503,Gannie,Pethybridge,gpethybridgedy@ocn.ne.jp,Male,Rupiah,Euro,1/23/2020,15,6.21
504,Shamus,Dorsett,sdorsettdz@etsy.com,Male,Taka,Rupiah,4/6/2019,21,12.42
505,Fawne,Rubel,frubele0@wiley.com,Female,Taka,Dollar,2/3/2020,21,6.7
506,Sheffie,Surgison,ssurgisone1@stumbleupon.com,Male,Rupiah,Yuan Renminbi,5/24/2019,10,19.83
507,Garreth,Bugdall,gbugdalle2@loc.gov,Male,Yuan Renminbi,Peso,4/4/2020,18,16.24
508,Virgie,Finkle,vfinklee3@aol.com,Female,,Rupiah,1/13/2020,17,1.82
509,Rowan,Consadine,rconsadinee4@devhub.com,Male,Rupee,Rupiah,9/15/2019,6,11.2
510,Rustie,Coull,rcoulle5@accuweather.com,Male,Real,Peso,5/5/2019,6,9.59
511,Drona,Bramwich,dbramwiche6@xing.com,Female,Rial,Som,9/23/2019,3,3.59
512,Noel,Amy,namye7@hubpages.com,Male,Euro,Lek,2/3/2020,9,2.3
513,Caralie,Jeandon,cjeandone8@oracle.com,Female,Euro,Peso,12/21/2019,11,5.43
514,Noella,Rigard,nrigarde9@gov.uk,Female,Real,Rupiah,6/28/2019,5,16.36
515,Vincent,Imlock,vimlockea@gmpg.org,Male,Dollar,Dollar,9/16/2019,13,16.87
516,Dore,Deamer,ddeamereb@youtube.com,Female,Rupiah,Real,10/2/2019,10,19.79
517,Tonye,Asplen,tasplenec@usnews.com,Female,,Yuan Renminbi,3/14/2020,27,3.9
518,Quentin,Chettle,qchettleed@xing.com,Female,Euro,Rupiah,4/5/2020,28,5.5
519,Codie,Birrell,cbirrellee@washington.edu,Female,Yuan Renminbi,Euro,12/11/2019,30,7.82
520,Haleigh,Primmer,hprimmeref@rakuten.co.jp,Female,Rupiah,Yuan Renminbi,9/21/2019,10,3.51
521,Broddie,Dugall,bdugalleg@altervista.org,Male,Rupiah,Yuan Renminbi,11/24/2019,13,16.34
522,Ealasaid,Picknett,epicknetteh@ehow.com,Female,Euro,Rupiah,11/28/2019,14,8.74
523,Philipa,Coomer,pcoomerei@privacy.gov.au,Female,Koruna,Yuan Renminbi,11/13/2019,23,1.92
524,Karol,Bundy,kbundyej@opensource.org,Female,Yuan Renminbi,Rupiah,9/29/2019,14,13.77
525,Valene,Dikle,vdikleek@google.ru,Female,Escudo,Yuan Renminbi,8/31/2019,23,18.4
526,Odele,Lawrinson,olawrinsonel@japanpost.jp,Female,Yuan Renminbi,Dollar,11/30/2019,27,2.81
527,Pip,Oulner,poulnerem@amazon.com,Male,Yuan Renminbi,Euro,12/5/2019,7,4.16
528,Roana,Yellowlee,ryellowleeen@earthlink.net,Female,Real,Peso,7/20/2019,8,5.94
529,Guntar,Bosma,gbosmaeo@gmpg.org,Male,Yuan Renminbi,Yuan Renminbi,10/31/2019,24,2.07
530,Elaine,Girkins,egirkinsep@nationalgeographic.com,Female,Ruble,Rial,7/13/2019,17,8.8
531,Derry,Uren,dureneq@1und1.de,Male,Krona,Yuan Renminbi,4/14/2020,13,7.32
532,Robinia,Abry,rabryer@google.co.uk,Female,Pound,Peso,12/14/2019,11,19.07
533,Elly,Longworth,elongworthes@wiley.com,Female,Cordoba,Peso,10/22/2019,17,6.16
534,Virgil,Challenor,vchallenoret@odnoklassniki.ru,Male,Peso,Yuan Renminbi,10/31/2019,15,5.46
535,Gerrie,Mollene,gmolleneeu@oracle.com,Female,Euro,Shilling,10/27/2019,15,15.86
536,Isidore,Cram,icramev@360.cn,Male,Shilling,Yuan Renminbi,2/1/2020,27,10.66
537,Isis,Lumbley,ilumbleyew@squarespace.com,Female,Yuan Renminbi,Ruble,6/26/2019,4,12.65
538,Avigdor,Goudman,agoudmanex@state.gov,Male,Dollar,Franc,12/12/2019,19,15.72
539,Dilan,Outright,doutrightey@sfgate.com,Male,Lari,Guarani,10/29/2019,24,19.18
540,Chaddy,Fruchter,cfruchterez@imageshack.us,Male,Hryvnia,Dollar,1/9/2020,1,13.96
541,Katuscha,Pollastrino,kpollastrinof0@nifty.com,Female,Dollar,Ringgit,6/14/2019,12,11.53
542,Lorelei,Cornelleau,lcornelleauf1@seattletimes.com,Female,Euro,Dirham,6/2/2019,17,10.11
543,Gaylord,Epinoy,gepinoyf2@desdev.cn,Male,Lempira,Euro,4/28/2020,5,8.96
544,Chet,Burnard,cburnardf3@jigsy.com,Male,Real,Pula,6/14/2019,2,14.84
545,Alisa,Soame,asoamef4@privacy.gov.au,Female,Yuan Renminbi,Rupiah,1/21/2020,23,1.14
546,Cal,Salatino,csalatinof5@springer.com,Male,Rupiah,Sol,11/18/2019,2,10.38
547,Dacy,Guyet,dguyetf6@fastcompany.com,Female,Rupiah,Tenge,10/12/2019,20,3.55
548,Christoper,Luberti,clubertif7@51.la,Male,Yuan Renminbi,Naira,8/14/2019,16,5.49
549,Ranice,Bloxam,rbloxamf8@bravesites.com,Female,Rand,Yuan Renminbi,3/3/2020,22,14.22
550,Jodee,Kinnach,jkinnachf9@paypal.com,Female,Dinar,Yuan Renminbi,5/26/2019,26,11.2
551,Nara,Faint,nfaintfa@tamu.edu,Female,Dollar,Euro,7/2/2019,22,18.2
552,Corilla,Temby,ctembyfb@printfriendly.com,Female,Yuan Renminbi,Euro,3/25/2020,7,14.85
553,Andonis,Egginton,aeggintonfc@sitemeter.com,Male,Rial,Sol,3/19/2020,21,3.44
554,Jackelyn,Thebes,jthebesfd@unblog.fr,Female,Ruble,Rufiyaa,6/14/2019,23,1.11
555,Aprilette,Croan,acroanfe@psu.edu,Female,,Zloty,8/7/2019,18,6.36
556,Estevan,Amort,eamortff@mapquest.com,Male,Yen,Som,1/3/2020,14,2.93
557,Rivkah,Killich,rkillichfg@bandcamp.com,Female,,Rupiah,5/1/2019,14,5.4
558,Hillier,Vowels,hvowelsfh@reverbnation.com,Male,,Krona,2/16/2020,16,4.61
559,Ophelia,Matthewson,omatthewsonfi@bloomberg.com,Female,Peso,Rupiah,11/12/2019,23,5.3
560,Melba,Spellesy,mspellesyfj@tumblr.com,Female,,Euro,9/12/2019,15,6.87
561,Fair,Iacobetto,fiacobettofk@yahoo.com,Male,Euro,Real,11/28/2019,29,4.25
562,Wesley,Bonelle,wbonellefl@harvard.edu,Male,Peso,Ruble,3/12/2020,10,6.36
563,Ashlin,MacCrachen,amaccrachenfm@edublogs.org,Male,Euro,Rupiah,9/28/2019,15,15.16
564,Tammy,Diament,tdiamentfn@disqus.com,Male,Yuan Renminbi,Peso,7/21/2019,16,2.74
565,Craggie,Sorrell,csorrellfo@unblog.fr,Male,,Forint,11/21/2019,21,16.81
566,Jeddy,Nisot,jnisotfp@usda.gov,Male,Ringgit,Ruble,4/11/2019,28,16.64
567,Kalil,Coulson,kcoulsonfq@fotki.com,Male,Rupee,Real,11/2/2019,22,8.55
568,Casandra,Youll,cyoullfr@shinystat.com,Female,Peso,Rupiah,8/7/2019,20,10.46
569,Reginald,Errichelli,rerrichellifs@engadget.com,Male,Rupiah,Dollar,5/14/2019,22,2.41
570,Nevil,Hubbart,nhubbartft@google.fr,Male,Zloty,Peso,8/26/2019,16,14.5
571,Ilsa,Hawgood,ihawgoodfu@weibo.com,Female,Dollar,Zloty,2/20/2020,20,19.79
572,Blinni,Zanetello,bzanetellofv@flavors.me,Female,Yuan Renminbi,Peso,1/2/2020,25,7.07
573,Curry,Whatham,cwhathamfw@nasa.gov,Male,Dollar,Euro,6/23/2019,27,18.2
574,Edie,Gammack,egammackfx@salon.com,Female,Ruble,Guarani,12/9/2019,9,3.18
575,Helenelizabeth,Posten,hpostenfy@google.co.uk,Female,Ruble,Shilling,12/6/2019,13,18.11
576,Jessi,Maffulli,jmaffullifz@ycombinator.com,Female,Zloty,Yuan Renminbi,9/2/2019,8,17.19
577,Orlan,Staines,ostainesg0@abc.net.au,Male,Ruble,Won,12/25/2019,16,12.94
578,Anne,Scrowston,ascrowstong1@issuu.com,Female,Ruble,Euro,4/30/2019,22,16.78
579,Andy,Trenfield,atrenfieldg2@qq.com,Female,Yuan Renminbi,Rupiah,9/14/2019,10,19.02
580,Lib,Kynoch,lkynochg3@chron.com,Female,Kuna,Real,10/16/2019,13,11.36
581,Ilysa,Ginity,iginityg4@elegantthemes.com,Female,Yuan Renminbi,Rupiah,6/16/2019,27,18.09
582,Town,Chetham,tchethamg5@techcrunch.com,Male,Dollar,Krona,11/1/2019,6,4.13
583,Frankie,Skrines,fskrinesg6@unicef.org,Female,Ruble,Ariary,6/1/2019,20,4.86
584,Roxi,Mantripp,,Female,Yuan Renminbi,Ruble,4/21/2019,27,14.8
585,Freida,Tuckie,ftuckieg8@alibaba.com,Female,Krona,Sol,6/2/2019,27,4.29
586,Toni,Lehr,tlehrg9@e-recht24.de,Female,Krona,Peso,5/23/2019,4,18.48
587,Olive,Tierney,otierneyga@indiegogo.com,Female,Yuan Renminbi,Hryvnia,8/11/2019,8,13.82
588,Leda,Choake,lchoakegb@indiegogo.com,Female,Dollar,Euro,7/30/2019,8,4.17
589,Marylinda,Woodlands,mwoodlandsgc@photobucket.com,Female,Real,Yuan Renminbi,4/12/2020,23,1.51
590,Priscella,Jirasek,pjirasekgd@mozilla.com,Female,Real,Euro,7/13/2019,6,10.55
591,Olenolin,Hadden,ohaddenge@senate.gov,Male,Yuan Renminbi,Krona,10/16/2019,16,12.11
592,Almeta,Peasnone,apeasnonegf@bizjournals.com,Female,Real,Zloty,3/26/2020,27,13.63
593,Louisette,Starking,lstarkinggg@twitter.com,Female,Euro,Denar,9/6/2019,22,18.13
594,Rubia,MacAskie,rmacaskiegh@i2i.jp,Female,Euro,Euro,2/26/2020,15,19.01
595,Roderic,Sotham,rsothamgi@google.fr,Male,Peso,Yuan Renminbi,8/16/2019,25,10.23
596,Kurtis,Dawtry,kdawtrygj@meetup.com,Male,Koruna,Peso,1/29/2020,14,6.24
597,Hortense,Kensitt,hkensittgk@wordpress.com,Female,Colon,Peso,12/2/2019,16,7.83
598,Lorens,Eisig,leisiggl@forbes.com,Male,Yuan Renminbi,Rupiah,11/24/2019,29,4.49
599,Aloysius,Saile,asailegm@a8.net,Male,Kwacha,Yuan Renminbi,7/25/2019,6,18.15
600,Randie,Boorman,rboormangn@dailymail.co.uk,Male,Krona,Ruble,9/24/2019,8,8.54
601,Neils,Drabble,ndrabblego@issuu.com,Male,Yuan Renminbi,Dong,4/10/2019,30,7.53
602,Upton,Cunniam,ucunniamgp@google.it,Male,Yuan Renminbi,Dollar,9/9/2019,4,8.96
603,Dotti,McCall,dmccallgq@ted.com,Female,Yuan Renminbi,Ruble,5/22/2019,20,7.16
604,Vittoria,Limprecht,vlimprechtgr@examiner.com,Female,Dram,Dollar,8/25/2019,5,9.5
605,Gun,O'Dyvoy,godyvoygs@furl.net,Male,Peso,Naira,2/23/2020,26,4.45
606,Sharl,Wallbanks,swallbanksgt@nationalgeographic.com,Female,Euro,Euro,4/23/2019,1,5.51
607,Jeannie,Meconi,jmeconigu@flavors.me,Female,Rupiah,Yuan Renminbi,11/24/2019,28,18.64
608,Sean,Webberley,swebberleygv@gizmodo.com,Female,Ruble,Cedi,4/2/2019,15,10.72
609,Orran,Ryhorovich,oryhorovichgw@tmall.com,Male,Dollar,Naira,8/5/2019,26,6.21
610,Noel,Duignan,nduignangx@homestead.com,Female,Koruna,Franc,12/9/2019,22,13.23
611,Zak,Jeeves,zjeevesgy@independent.co.uk,Male,Baht,Krona,1/5/2020,24,6.22
612,Thomasina,Drewes,tdrewesgz@bandcamp.com,Female,Rupiah,Sol,4/7/2020,25,15.07
613,Jillana,Syson,jsysonh0@globo.com,Female,Euro,Real,9/11/2019,1,19.14
614,Freeman,Gurwood,fgurwoodh1@pen.io,Male,Ruble,Franc,10/17/2019,17,19.4
615,Lonny,McGahern,lmcgahernh2@tinypic.com,Male,Koruna,Dollar,11/7/2019,20,4.34
616,Jayne,Larrosa,jlarrosah3@google.cn,Female,Peso,Yen,5/27/2019,10,11.6
617,Rudyard,Greene,rgreeneh4@addthis.com,Male,Real,Real,7/10/2019,15,19.04
618,Claudina,Deverille,cdeverilleh5@rambler.ru,Female,Euro,Shilling,11/4/2019,26,9.91
619,Bayard,Southgate,bsouthgateh6@pinterest.com,Male,Peso,Rupiah,7/7/2019,30,4.35
620,Gilberte,Bentjens,gbentjensh7@weibo.com,Female,Lek,Sol,10/13/2019,12,9.41
621,Loreen,McCrainor,lmccrainorh8@eventbrite.com,Female,Peso,Euro,2/25/2020,29,14.61
622,Debee,Esparza,desparzah9@posterous.com,Female,Yuan Renminbi,Euro,10/19/2019,13,6.95
623,Micki,Khristoforov,mkhristoforovha@acquirethisname.com,Female,Rupiah,Naira,7/24/2019,21,14.7
624,Vasily,Baynton,vbayntonhb@nifty.com,Male,Zloty,Forint,5/22/2019,24,12.29
625,Tove,Stegers,tstegershc@mac.com,Female,Yuan Renminbi,Rupiah,6/27/2019,16,9.8
626,Mimi,Feragh,mferaghhd@ask.com,Female,Rupiah,Krona,4/9/2020,25,12.25
627,Jewell,Faireclough,jfairecloughhe@who.int,Female,Real,Dollar,1/4/2020,30,4.59
628,Brit,Catton,bcattonhf@dailymotion.com,Female,Rupiah,Krona,8/30/2019,18,4.94
629,Caresa,Zorzin,czorzinhg@nyu.edu,Female,Yuan Renminbi,Rupiah,6/25/2019,6,15.11
630,Joseph,Burgisi,jburgisihh@mapy.cz,Male,Yuan Renminbi,Rupiah,5/17/2019,26,5.74
631,Lynnet,Orthmann,lorthmannhi@hao123.com,Female,Euro,Yuan Renminbi,2/17/2020,15,19.53
632,Otha,Willimott,owillimotthj@hao123.com,Female,Yuan Renminbi,Dram,4/7/2019,20,12.58
633,Darice,Larkkem,dlarkkemhk@tamu.edu,Female,Ruble,Rupiah,4/16/2019,15,18.35
634,Ysabel,Hubbins,yhubbinshl@tiny.cc,Female,Yuan Renminbi,Zloty,12/6/2019,23,9.85
635,Monti,Pentercost,mpentercosthm@prlog.org,Male,Euro,Shilling,3/12/2020,24,18.04
636,Guy,Claricoats,gclaricoatshn@rakuten.co.jp,Male,Boliviano,Real,7/26/2019,22,3.13
637,Adena,Crichmere,acrichmereho@upenn.edu,Female,Ruble,Lev,7/7/2019,1,11.37
638,Murielle,Jobey,mjobeyhp@mysql.com,Female,Rupiah,Peso,9/7/2019,16,12.07
639,Malachi,Barfitt,mbarfitthq@vk.com,Male,Baht,Real,5/9/2019,29,16.9
640,Puff,Albasini,palbasinihr@themeforest.net,Male,Peso,Yuan Renminbi,2/1/2020,27,14.07
641,Magdalen,Flannigan,mflanniganhs@e-recht24.de,Female,Peso,Koruna,6/3/2019,26,6.83
642,Consolata,Wogden,cwogdenht@tripadvisor.com,Female,Franc,Krona,12/20/2019,7,1.04
643,Baudoin,Yoodall,byoodallhu@hugedomains.com,Male,Franc,Dollar,12/21/2019,30,6.03
644,Muhammad,MacGibbon,mmacgibbonhv@fc2.com,Male,Franc,Lek,4/8/2020,7,12.89
645,Martelle,Rylands,mrylandshw@google.pl,Female,Rupiah,Yuan Renminbi,10/31/2019,10,12.9
646,Kippy,Swigg,kswigghx@biglobe.ne.jp,Female,Yuan Renminbi,Lempira,4/13/2020,3,3.5
647,Emiline,Vamplus,evamplushy@si.edu,Female,Dollar,Rupiah,2/2/2020,24,2.51
648,Nickolai,Heake,nheakehz@tamu.edu,Male,Krona,Dram,6/2/2019,2,3.82
649,Whitney,Ibbotson,wibbotsoni0@columbia.edu,Female,Rupiah,Ruble,9/10/2019,30,15.56
650,Ronalda,Coule,rcoulei1@pagesperso-orange.fr,Female,Peso,Peso,4/12/2019,8,8.07
651,Ashil,Tullot,atulloti2@weebly.com,Female,,Peso,1/6/2020,23,9.97
652,Meg,Winfindale,mwinfindalei3@independent.co.uk,Female,Rupiah,Euro,7/14/2019,1,5.97
653,Basia,Paoli,bpaolii4@photobucket.com,Female,,Rand,4/2/2020,8,13.82
654,Daloris,Calderon,dcalderoni5@intel.com,Female,Rupiah,Manat,11/29/2019,3,11.44
655,Marv,Schroeder,mschroederi6@kickstarter.com,Male,Euro,Krona,3/22/2020,7,16.09
656,Berry,Donne,bdonnei7@icq.com,Female,Yuan Renminbi,Hryvnia,9/17/2019,17,18.34
657,Brooke,Pollendine,bpollendinei8@about.me,Female,Rupiah,Baht,7/7/2019,22,14.32
658,Lolly,Kellington,lkellingtoni9@paypal.com,Female,,Euro,4/2/2020,24,18.43
659,Brok,Lapenna,,Male,Yuan Renminbi,Krona,8/11/2019,15,8.53
660,Wilfrid,Rowthorne,wrowthorneib@twitter.com,Male,Pound,Ruble,3/8/2020,15,3.24
661,Eustace,Hasnip,ehasnipic@walmart.com,Male,Yuan Renminbi,Franc,5/7/2019,16,8.46
662,Nona,Curmi,ncurmiid@about.me,Female,Real,Krona,4/9/2020,14,15.58
663,Robyn,Ambrose,rambroseie@wikipedia.org,Female,Lev,Hryvnia,6/2/2019,17,13.82
664,Feliza,Joint,fjointif@google.nl,Female,Euro,Marka,10/30/2019,22,18.99
665,Hymie,Wolfit,hwolfitig@netvibes.com,Male,Euro,Euro,7/31/2019,30,1.97
666,Joeann,Duckels,jduckelsih@altervista.org,Female,Shekel,Yuan Renminbi,2/21/2020,7,17.06
667,Chrissy,Bohan,cbohanii@wix.com,Female,Baht,Pound,5/7/2019,13,8.75
668,Anastasie,Kristof,akristofij@1und1.de,Female,Dollar,Dollar,5/11/2019,3,10.28
669,Moss,Iacobucci,miacobucciik@ed.gov,Male,Taka,Peso,1/30/2020,2,19.39
670,Welby,Coyle,wcoyleil@oakley.com,Male,Peso,Rupiah,8/15/2019,12,1.66
671,Marilin,Menier,mmenierim@goo.ne.jp,Female,Rupiah,Krona,11/21/2019,20,6.52
672,Pattie,Summersett,psummersettin@flavors.me,Female,Euro,Shilling,9/22/2019,23,1.93
673,Fifine,Darrington,fdarringtonio@patch.com,Female,Yuan Renminbi,Peso,7/12/2019,15,10.72
674,Constantino,Duce,cduceip@mapquest.com,Male,Dollar,Rupiah,4/27/2020,8,4.26
675,Connie,Polendine,cpolendineiq@livejournal.com,Female,Euro,Ringgit,9/19/2019,8,8.03
676,Anstice,Jonke,ajonkeir@youku.com,Female,Yen,Franc,4/18/2019,24,14.73
677,Grace,Vanyutin,gvanyutinis@aboutads.info,Female,Yuan Renminbi,Kuna,4/6/2020,13,11.07
678,Derrick,Vasnetsov,dvasnetsovit@tinypic.com,Male,Dram,Bolivar,3/1/2020,24,8.53
679,Kaye,Lewnden,klewndeniu@marriott.com,Female,Zloty,Yuan Renminbi,7/20/2019,6,7.0
680,Rafferty,Whicher,rwhicheriv@nps.gov,Male,Dollar,Rupiah,6/12/2019,5,5.59
681,Cordula,Woodage,cwoodageiw@cornell.edu,Female,Krona,Euro,4/23/2020,5,4.43
682,Paule,Chettle,pchettleix@psu.edu,Female,Rupiah,Yuan Renminbi,4/18/2019,4,2.01
683,Ellary,Granville,egranvilleiy@thetimes.co.uk,Male,Pound,Naira,4/7/2020,12,14.75
684,Ky,Newband,knewbandiz@paginegialle.it,Male,Krona,Ruble,7/11/2019,3,7.49
685,Zebulon,Chritchlow,zchritchlowj0@wp.com,Male,Manat,Yuan Renminbi,10/3/2019,4,9.72
686,Rebeka,Askew,raskewj1@shinystat.com,Female,Lempira,Shilling,12/12/2019,23,19.14
687,Alysa,Willingham,awillinghamj2@a8.net,Female,Rand,Real,5/6/2019,5,7.68
688,Suzy,Ronnay,sronnayj3@elpais.com,Female,Ruble,Peso,7/15/2019,6,17.57
689,Erek,Anger,eangerj4@canalblog.com,Male,Yen,Baht,2/2/2020,6,12.77
690,Sibbie,Swepson,sswepsonj5@infoseek.co.jp,Female,Dong,Yuan Renminbi,6/10/2019,24,7.29
691,Kennie,Maxworthy,kmaxworthyj6@eepurl.com,Male,Dollar,Dinar,11/23/2019,24,6.51
692,Chancey,Schole,cscholej7@bloglines.com,Male,,Yuan Renminbi,2/25/2020,6,12.91
693,Sunny,Farnfield,sfarnfieldj8@skyrock.com,Male,Baht,Denar,8/9/2019,24,10.65
694,Gusta,Radke,gradkej9@kickstarter.com,Female,Metical,Krona,1/20/2020,12,9.36
695,Stanislaw,Lobbe,slobbeja@myspace.com,Male,Yen,Yen,6/6/2019,15,18.54
696,Dante,Gifford,dgiffordjb@surveymonkey.com,Male,Lev,Peso,1/1/2020,23,10.6
697,Guenna,Dumingos,gdumingosjc@1und1.de,Female,Somoni,Dram,12/5/2019,6,5.26
698,Kira,Burmingham,kburminghamjd@virginia.edu,Female,,Dollar,8/27/2019,12,13.44
699,Boyd,Yannoni,byannonije@ebay.co.uk,Male,Rupiah,Yuan Renminbi,10/27/2019,12,1.74
700,Maxine,Bilsford,mbilsfordjf@dailymotion.com,Female,Peso,Peso,3/10/2020,22,16.43
701,Myron,Billie,mbilliejg@opera.com,Male,Yuan Renminbi,Krona,10/12/2019,15,4.67
702,Bryn,FitzGilbert,bfitzgilbertjh@oakley.com,Male,Yuan Renminbi,Yuan Renminbi,2/15/2020,16,4.01
703,Dannel,Revely,drevelyji@plala.or.jp,Male,Euro,Peso,11/16/2019,28,3.0
704,Dotti,Saladin,dsaladinjj@a8.net,Female,Sol,Rupiah,5/9/2019,24,11.36
705,Gavan,Lumsdall,glumsdalljk@unc.edu,Male,Ruble,Kuna,5/13/2019,28,9.69
706,Eva,Osbourn,eosbournjl@blogspot.com,Female,Shilling,Quetzal,4/26/2020,5,12.91
707,Dalston,Cordier,dcordierjm@ameblo.jp,Male,Yuan Renminbi,Peso,4/20/2019,26,6.66
708,Tasia,Arnaldo,tarnaldojn@accuweather.com,Female,Ruble,Dollar,10/28/2019,9,1.33
709,Willow,Woodrooffe,wwoodrooffejo@cdbaby.com,Female,,Yuan Renminbi,1/11/2020,30,11.42
710,Kleon,Conrard,kconrardjp@biblegateway.com,Male,,Yuan Renminbi,6/3/2019,8,14.27
711,Ana,Wolland,awollandjq@woothemes.com,Female,Yuan Renminbi,Cordoba,4/7/2020,9,17.65
712,Milty,Wellbeloved,mwellbelovedjr@a8.net,Male,Nakfa,Yuan Renminbi,3/24/2020,14,15.49
713,Hernando,Eskriet,heskrietjs@jalbum.net,Male,Sol,Hryvnia,12/22/2019,13,3.89
714,Gardner,Gauden,ggaudenjt@comsenz.com,Male,Yuan Renminbi,Ruble,4/3/2019,19,2.57
715,Karney,Skyner,kskynerju@berkeley.edu,Male,Yuan Renminbi,Bolivar,10/14/2019,12,11.97
716,Michelle,Regler,mreglerjv@ovh.net,Female,Peso,Pound,12/30/2019,15,6.04
717,Dulcea,Peatman,dpeatmanjw@freewebs.com,Female,Yuan Renminbi,Yuan Renminbi,5/22/2019,11,6.84
718,Frances,Feldmesser,ffeldmesserjx@blogs.com,Female,Litas,Peso,6/16/2019,23,2.67
719,Floria,Sizzey,fsizzeyjy@uiuc.edu,Female,Lev,Real,9/22/2019,1,2.77
720,Mirella,Wahncke,mwahnckejz@hao123.com,Female,Peso,Yuan Renminbi,5/10/2019,16,1.32
721,Bibbye,Bernaldez,,Female,Peso,Euro,7/22/2019,15,13.61
722,Waring,Schmidt,wschmidtk1@ovh.net,Male,Franc,Shekel,10/21/2019,5,13.27
723,Theodosia,Hayler,thaylerk2@ftc.gov,Female,Dinar,Dollar,9/14/2019,6,17.16
724,Alla,Tunstall,atunstallk3@boston.com,Female,Rupiah,Euro,6/14/2019,3,12.64
725,Evaleen,Cavie,ecaviek4@histats.com,Female,Yuan Renminbi,Rupiah,10/5/2019,30,17.14
726,Averell,Leinster,aleinsterk5@themeforest.net,Male,Ruble,Rupiah,1/13/2020,1,9.78
727,Gonzalo,Addlestone,gaddlestonek6@blogtalkradio.com,Male,Baht,Sol,5/16/2019,12,7.04
728,Keir,Wawer,kwawerk7@java.com,Male,Rupiah,Yuan Renminbi,9/28/2019,26,10.61
729,Isa,Brawley,ibrawleyk8@prlog.org,Male,Euro,Real,9/5/2019,27,16.26
730,Konstance,Rookledge,krookledgek9@issuu.com,Female,Peso,Euro,12/27/2019,3,17.52
731,Sioux,Quinevan,squinevanka@gizmodo.com,Female,Peso,Ringgit,7/30/2019,9,1.26
732,Barnabe,Shallcrass,bshallcrasskb@usnews.com,Male,Yuan Renminbi,Yuan Renminbi,1/29/2020,9,4.72
733,Rozalie,Collop,rcollopkc@cnn.com,Female,Yuan Renminbi,Yuan Renminbi,2/12/2020,14,9.42
734,Jeremias,Ellor,jellorkd@1und1.de,Male,Yuan Renminbi,Yuan Renminbi,3/27/2020,3,1.49
735,Pauly,Elston,pelstonke@gravatar.com,Male,Ruble,Taka,9/5/2019,24,1.28
736,Sullivan,Clac,sclackf@reuters.com,Male,Lempira,Krona,3/30/2020,14,17.02
737,Ermentrude,Pentycross,epentycrosskg@tinyurl.com,Female,Rupiah,Euro,4/29/2019,26,14.78
738,Lucais,Fenelow,lfenelowkh@edublogs.org,Male,Real,Yuan Renminbi,12/8/2019,13,8.54
739,Eilis,Gribben,egribbenki@google.cn,Female,Yuan Renminbi,Ringgit,4/11/2020,16,11.4
740,Darcey,Youson,dyousonkj@usatoday.com,Female,Yuan Renminbi,Yuan Renminbi,10/14/2019,17,16.55
741,Yuma,Ffrench,yffrenchkk@merriam-webster.com,Male,Euro,Baht,1/21/2020,8,11.87
742,Binny,Wye,bwyekl@jalbum.net,Female,Real,Rupee,5/31/2019,11,3.04
743,Filberte,Gepheart,fgepheartkm@yandex.ru,Male,Rupiah,Yuan Renminbi,10/31/2019,1,9.71
744,Wallie,Grestie,wgrestiekn@wikipedia.org,Male,Yuan Renminbi,Bolivar,3/18/2020,25,2.47
745,Sebastiano,Merrin,smerrinko@miibeian.gov.cn,Male,Euro,Yuan Renminbi,5/2/2020,17,6.94
746,Sally,Fallowes,sfalloweskp@fema.gov,Female,Yuan Renminbi,Euro,4/18/2020,12,11.94
747,Viviyan,Silverthorn,vsilverthornkq@usnews.com,Female,Rupiah,Dram,3/3/2020,11,6.51
748,Ollie,Lere,olerekr@buzzfeed.com,Male,Zloty,Krona,4/17/2019,5,5.22
749,Gorden,Tankus,gtankusks@amazon.com,Male,Rupiah,Yuan Renminbi,1/27/2020,8,13.11
750,Tomi,Boddis,tboddiskt@twitpic.com,Female,Dollar,Sol,2/22/2020,15,4.25
751,Ingar,Levinge,ilevingeku@qq.com,Male,,Franc,8/16/2019,3,13.3
752,Esdras,Wantling,ewantlingkv@cafepress.com,Male,Euro,Peso,6/17/2019,6,8.2
753,Nichol,Onion,nonionkw@behance.net,Female,Euro,Rupiah,4/11/2020,30,11.4
754,Maxy,Brakespear,mbrakespearkx@posterous.com,Female,Baht,Rupiah,12/31/2019,24,2.26
755,Joane,Limming,jlimmingky@xinhuanet.com,Female,Bolivar,Yen,1/9/2020,9,2.86
756,Mandy,Cridge,mcridgekz@harvard.edu,Female,Rial,Franc,7/5/2019,23,18.81
757,Kane,Dillingham,kdillinghaml0@hud.gov,Male,Real,Yuan Renminbi,4/23/2020,6,16.35
758,Joseito,Harkness,jharknessl1@acquirethisname.com,Male,Rupiah,Baht,1/1/2020,29,9.44
759,Vale,Pownall,vpownalll2@ycombinator.com,Female,Peso,Lilangeni,6/29/2019,18,1.82
760,Adolph,Brittoner,abrittonerl3@scientificamerican.com,Male,Dollar,Yuan Renminbi,12/9/2019,24,11.7
761,Sibyl,Thomton,sthomtonl4@example.com,Female,Krone,Euro,5/21/2019,14,4.19
762,Lib,Shah,lshahl5@vk.com,Female,Lev,Somoni,9/20/2019,27,15.22
763,Vonny,Fidal,vfidall6@tamu.edu,Female,Zloty,Real,5/11/2019,6,6.37
764,Fredek,Chill,fchilll7@webmd.com,Male,Lempira,Yuan Renminbi,3/11/2020,21,3.51
765,Lezley,Dinsdale,ldinsdalel8@eepurl.com,Male,Peso,Rupiah,4/26/2019,5,12.26
766,Norton,Pallaske,npallaskel9@so-net.ne.jp,Male,Rupiah,Krona,12/29/2019,3,13.43
767,Rozelle,O'Dunniom,rodunniomla@senate.gov,Female,Zloty,Hryvnia,3/19/2020,15,2.56
768,Blake,Fullwood,bfullwoodlb@xinhuanet.com,Male,Euro,Ruble,12/17/2019,29,5.73
769,Dukey,Martinello,dmartinellolc@histats.com,Male,Euro,Baht,6/10/2019,26,4.56
770,Cyril,Fraczek,cfraczekld@lulu.com,Male,Pula,Euro,11/7/2019,28,1.04
771,Damian,Dawson,ddawsonle@nyu.edu,Male,Zloty,Peso,11/10/2019,26,2.15
772,Larissa,Bothram,lbothramlf@storify.com,Female,Euro,Peso,5/30/2019,1,2.87
773,Frederico,Sander,fsanderlg@slate.com,Male,Rupiah,Franc,4/20/2019,21,11.88
774,Lester,Sabban,lsabbanlh@clickbank.net,Male,Ruble,Krona,5/29/2019,15,14.72
775,Trudy,Dockrell,tdockrellli@w3.org,Female,Yuan Renminbi,Dollar,5/27/2019,5,11.0
776,Emelita,Sowray,esowraylj@mediafire.com,Female,Dollar,Dollar,9/10/2019,8,12.95
777,Vivia,Kemston,vkemstonlk@thetimes.co.uk,Female,Baht,Krona,5/22/2019,18,10.82
778,Kalila,Betjeman,kbetjemanll@behance.net,Female,Yuan Renminbi,Yuan Renminbi,4/14/2019,20,1.55
779,Evyn,Clapperton,eclappertonlm@dell.com,Male,Hryvnia,Euro,3/3/2020,19,14.58
780,Bradan,Trudgion,btrudgionln@google.ru,Male,,Rupiah,2/27/2020,22,18.54
781,Olivier,Suggitt,osuggittlo@cisco.com,Male,Real,Yuan Renminbi,1/20/2020,11,7.61
782,Lanny,Gamage,lgamagelp@blogtalkradio.com,Male,Yuan Renminbi,Franc,5/27/2019,15,3.12
783,Lanny,Lonergan,llonerganlq@fda.gov,Female,Euro,Krone,5/24/2019,22,12.65
784,Elisha,Chapellow,echapellowlr@uiuc.edu,Male,Baht,Peso,9/24/2019,11,10.77
785,Taddeo,Merritt,,Male,Shilling,Dollar,3/25/2020,21,17.72
786,Nickie,Partner,npartnerlt@weather.com,Male,Yuan Renminbi,Yuan Renminbi,1/27/2020,10,2.66
787,Calvin,Wildbore,cwildborelu@google.com.hk,Male,Rupiah,Lek,1/17/2020,25,13.22
788,Veronique,Samweyes,vsamweyeslv@rambler.ru,Female,Yuan Renminbi,Peso,4/12/2020,2,3.99
789,Lanna,Necrews,lnecrewslw@photobucket.com,Female,Euro,Yuan Renminbi,5/7/2019,27,1.16
790,Katerina,Tippings,ktippingslx@nyu.edu,Female,Krona,Euro,1/3/2020,25,15.77
791,Gypsy,Gierke,ggierkely@yellowpages.com,Female,Krona,Yuan Renminbi,5/2/2020,11,6.02
792,Luise,Rooson,lroosonlz@intel.com,Female,Peso,Franc,11/6/2019,14,9.71
793,Elmore,Elsmere,eelsmerem0@deviantart.com,Male,Euro,Peso,8/27/2019,11,10.43
794,Man,Knewstub,mknewstubm1@paypal.com,Male,Krone,Dollar,2/2/2020,20,2.81
795,Umeko,Dilkes,udilkesm2@youtube.com,Female,Yuan Renminbi,Ruble,6/14/2019,8,18.26
796,Conway,Geekie,cgeekiem3@un.org,Male,Dollar,Peso,11/14/2019,29,13.16
797,Davey,Langfitt,dlangfittm4@qq.com,Male,Dong,Euro,9/11/2019,19,17.91
798,Kinna,Spillett,kspillettm5@163.com,Female,Dollar,Sol,6/6/2019,17,15.91
799,Dionis,Matheson,dmathesonm6@nymag.com,Female,Rupiah,Rupiah,7/1/2019,9,1.33
800,Ranna,Emps,rempsm7@jimdo.com,Female,Naira,Dollar,8/9/2019,13,16.11
801,Nero,Guerra,nguerram8@desdev.cn,Male,Euro,Ringgit,7/24/2019,24,8.75
802,Esteban,Mingaud,emingaudm9@woothemes.com,Male,Euro,Yuan Renminbi,4/17/2020,6,10.41
803,Fielding,Raatz,fraatzma@wordpress.com,Male,Yuan Renminbi,Naira,1/12/2020,10,12.27
804,Alice,Paulon,apaulonmb@ft.com,Female,Shekel,Euro,2/11/2020,18,17.45
805,Flin,Librey,flibreymc@columbia.edu,Male,Dinar,Zloty,1/29/2020,20,4.96
806,Rudolph,Ingleby,ringlebymd@deliciousdays.com,Male,Dollar,Naira,3/12/2020,15,7.29
807,Stafani,Barszczewski,sbarszczewskime@photobucket.com,Female,Yuan Renminbi,Krona,2/18/2020,22,6.53
808,Woodman,Hatliff,whatliffmf@foxnews.com,Male,Zloty,Krona,3/20/2020,5,11.4
809,Rutledge,Capstake,rcapstakemg@nytimes.com,Male,Won,Peso,6/11/2019,29,2.08
810,Aharon,Creffeild,acreffeildmh@answers.com,Male,Yen,Sol,5/1/2019,14,19.92
811,Barbey,Ayres,bayresmi@mozilla.org,Female,Euro,Zloty,4/1/2019,8,4.32
812,Mirna,Dowzell,mdowzellmj@cpanel.net,Female,Yuan Renminbi,Yuan Renminbi,1/6/2020,26,13.99
813,Vic,Sudran,vsudranmk@unesco.org,Male,Peso,Rupiah,4/4/2019,11,3.39
814,Rickey,Tiley,rtileyml@arstechnica.com,Male,Dong,Krona,6/13/2019,21,16.58
815,Brew,Jarrell,bjarrellmm@soup.io,Male,Euro,Yuan Renminbi,4/20/2019,25,7.92
816,Cariotta,Lippett,clippettmn@cocolog-nifty.com,Female,Peso,Dollar,12/6/2019,16,15.47
817,Sharl,Loosmore,sloosmoremo@furl.net,Female,Euro,Rupiah,4/9/2019,16,3.41
818,Lambert,Kirtlan,lkirtlanmp@google.com.au,Male,Peso,Yuan Renminbi,4/21/2019,22,13.12
819,Jecho,Jekel,jjekelmq@barnesandnoble.com,Male,Dollar,Dollar,7/6/2019,28,6.8
820,Garth,Shirrell,gshirrellmr@sitemeter.com,Male,Yuan Renminbi,Franc,9/15/2019,12,8.5
821,Dael,Faherty,dfahertyms@noaa.gov,Female,,Koruna,11/23/2019,7,6.95
822,Celine,Gladden,cgladdenmt@alexa.com,Female,Dollar,Taka,4/24/2020,20,19.62
823,Grover,Eldrid,geldridmu@princeton.edu,Male,Yuan Renminbi,Yuan Renminbi,3/21/2020,27,2.88
824,Melvyn,Wace,mwacemv@squarespace.com,Male,Sol,Rupiah,5/18/2019,2,3.89
825,Wayne,Cowope,wcowopemw@msn.com,Male,Peso,Yuan Renminbi,7/9/2019,21,15.62
826,Howie,Strotton,hstrottonmx@shinystat.com,Male,Ruble,Dollar,4/9/2020,9,5.21
827,Carri,Chooter,cchootermy@livejournal.com,Female,Manat,Bolivar,3/20/2020,12,14.19
828,Serge,Gunthorpe,sgunthorpemz@cyberchimps.com,Male,Ruble,Yuan Renminbi,8/12/2019,28,6.39
829,Britte,Kiehnlt,bkiehnltn0@devhub.com,Female,Euro,Dollar,5/12/2019,11,18.67
830,Gusti,Ragbourn,gragbournn1@usa.gov,Female,Ruble,Rupiah,6/5/2019,12,13.48
831,Marian,Curro,mcurron2@sun.com,Female,Yuan Renminbi,Sol,7/19/2019,11,2.45
832,Quinlan,Giraths,qgirathsn3@google.fr,Male,Rupiah,Yuan Renminbi,12/27/2019,19,12.44
833,Obidiah,Eaglen,oeaglenn4@technorati.com,Male,Peso,Tenge,2/22/2020,10,19.83
834,Kattie,Chell,kchelln5@networksolutions.com,Female,Yuan Renminbi,Yuan Renminbi,8/22/2019,22,19.44
835,Meara,Sineath,msineathn6@typepad.com,Female,Euro,Krone,1/29/2020,8,12.28
836,Jodi,Ivy,jivyn7@netscape.com,Female,Naira,Krona,5/7/2019,9,19.2
837,Earlie,Bick,ebickn8@businessinsider.com,Male,Yuan Renminbi,Dollar,7/17/2019,27,13.35
838,Allyn,Axten,aaxtenn9@amazonaws.com,Male,Forint,Peso,12/26/2019,5,10.92
839,Gabriellia,Horlick,ghorlickna@unc.edu,Female,Euro,Rupee,7/11/2019,29,19.11
840,Rocky,Paudin,rpaudinnb@bravesites.com,Male,Koruna,Euro,9/13/2019,9,3.69
841,Chelsey,Caris,ccarisnc@rediff.com,Female,Rupiah,Peso,2/29/2020,9,3.04
842,Iona,McCaig,imccaignd@weibo.com,Female,Yuan Renminbi,Zloty,4/18/2020,20,14.48
843,Kiley,Comiskey,kcomiskeyne@yellowbook.com,Male,Euro,Rupiah,7/3/2019,8,7.93
844,Chloe,Gofforth,cgofforthnf@desdev.cn,Female,Ruble,Euro,7/4/2019,25,14.45
845,Yetty,Pheasant,ypheasantng@gnu.org,Female,Yuan Renminbi,Peso,5/17/2019,27,17.33
846,Karon,Olivie,kolivienh@sina.com.cn,Female,Ruble,Tenge,7/31/2019,22,11.62
847,Ladonna,Dwelley,ldwelleyni@businessinsider.com,Female,Manat,Birr,2/16/2020,5,4.12
848,Rosie,Haygreen,rhaygreennj@acquirethisname.com,Female,Ruble,Peso,11/19/2019,27,4.61
849,Lorraine,Samsin,lsamsinnk@cocolog-nifty.com,Female,Peso,Ruble,3/21/2020,7,6.09
850,Dietrich,Newburn,dnewburnnl@timesonline.co.uk,Male,Yuan Renminbi,Hryvnia,12/16/2019,7,14.33
851,Janene,Azema,jazemanm@nih.gov,Female,,Lek,1/13/2020,25,11.32
852,Devondra,Casone,dcasonenn@weibo.com,Female,Hryvnia,Dollar,1/8/2020,14,10.69
853,Yoko,Cobbald,ycobbaldno@mozilla.org,Female,Ruble,Euro,1/9/2020,22,5.33
854,Lucas,Francklin,lfrancklinnp@marketwatch.com,Male,Kwacha,Yuan Renminbi,12/2/2019,23,10.62
855,Angela,Creboe,acreboenq@comcast.net,Female,Yuan Renminbi,Euro,6/3/2019,29,11.64
856,Ethelind,Wrankmore,ewrankmorenr@google.it,Female,Krona,Franc,10/17/2019,3,16.23
857,Libbey,McKelloch,lmckellochns@rambler.ru,Female,Ruble,Rupiah,6/25/2019,11,10.65
858,Kennith,Ternouth,kternouthnt@walmart.com,Male,Euro,Euro,2/29/2020,24,15.2
859,Yehudi,Blanchet,yblanchetnu@tuttocitta.it,Male,Peso,Yuan Renminbi,6/21/2019,6,17.01
860,Stanfield,Kitchen,skitchennv@bloglines.com,Male,Euro,Dong,4/30/2020,5,19.36
861,Angelika,Broderick,abrodericknw@issuu.com,Female,Rial,Ruble,10/4/2019,28,18.77
862,Cyndia,Henstone,chenstonenx@ehow.com,Female,Yuan Renminbi,Rupiah,7/23/2019,11,6.53
863,Cleopatra,Epinoy,cepinoyny@hp.com,Female,Rand,Euro,3/3/2020,17,17.43
864,Bayard,Cunney,,Male,Euro,Euro,3/31/2020,4,4.51
865,Erick,Agerskow,eagerskowo0@studiopress.com,Male,Rupiah,Yuan Renminbi,10/3/2019,28,18.59
866,Phyllis,Arzu,parzuo1@virginia.edu,Female,Euro,Real,1/10/2020,24,5.92
867,Johannah,Floweth,jflowetho2@dion.ne.jp,Female,Baht,Peso,4/13/2020,9,18.84
868,Noell,Trosdall,ntrosdallo3@multiply.com,Female,Krona,Zloty,11/21/2019,30,18.54
869,Claire,Bank,cbanko4@phpbb.com,Male,Yuan Renminbi,Bolivar,4/22/2019,11,15.6
870,Darlleen,Crossfeld,dcrossfeldo5@soup.io,Female,Dong,Rupiah,5/16/2019,24,2.7
871,Molli,Airey,maireyo6@mlb.com,Female,Won,Ruble,10/21/2019,9,9.74
872,Levon,Crebott,lcrebotto7@fastcompany.com,Male,Krona,Yuan Renminbi,12/3/2019,10,5.07
873,Lura,Ormond,lormondo8@accuweather.com,Female,Baht,Yuan Renminbi,3/18/2020,28,11.7
874,Karisa,Flory,kfloryo9@patch.com,Female,Ruble,Euro,3/7/2020,24,6.09
875,Chandler,Van der Kruijs,cvanderkruijsoa@elegantthemes.com,Male,Yuan Renminbi,Peso,4/26/2020,22,12.24
876,Paco,Poxon,ppoxonob@friendfeed.com,Male,Ruble,Franc,4/18/2019,5,17.33
877,Konstance,Maleby,kmalebyoc@shinystat.com,Female,Dinar,Euro,4/7/2019,24,11.66
878,Jennette,Andrejs,jandrejsod@dailymotion.com,Female,Krona,Dinar,4/30/2019,14,13.96
879,Muffin,Carlsen,mcarlsenoe@pbs.org,Female,Dollar,Yuan Renminbi,11/20/2019,15,5.95
880,Brody,Beckhurst,bbeckhurstof@wsj.com,Male,Hryvnia,Zloty,5/20/2019,29,18.29
881,Nola,Chaffyn,nchaffynog@usa.gov,Female,Yuan Renminbi,Dollar,9/23/2019,27,18.77
882,Jarib,Wingatt,jwingattoh@tmall.com,Male,Pound,Yuan Renminbi,8/20/2019,19,6.7
883,Carlo,Binnion,cbinnionoi@privacy.gov.au,Male,Dollar,Euro,11/3/2019,15,3.83
884,Penrod,Dan,pdanoj@live.com,Male,Yuan Renminbi,Pula,1/29/2020,29,7.99
885,Fayina,Corteney,fcorteneyok@ftc.gov,Female,Yuan Renminbi,Hryvnia,3/15/2020,23,19.18
886,Rosalia,Guierre,rguierreol@sfgate.com,Female,Rupiah,Peso,3/8/2020,11,17.64
887,Carmelle,Ravenhills,cravenhillsom@gravatar.com,Female,Peso,Kip,5/5/2019,19,18.32
888,Bryanty,Waryk,bwarykon@stanford.edu,Male,Krona,Yuan Renminbi,5/31/2019,20,1.55
889,Kamila,Poundsford,kpoundsfordoo@cafepress.com,Female,Ruble,Real,12/14/2019,13,12.2
890,Rosco,Houlworth,rhoulworthop@ucla.edu,Male,Peso,Yen,7/17/2019,8,4.54
891,Jard,Croix,jcroixoq@wikipedia.org,Male,Euro,Krona,4/19/2020,2,10.86
892,Karmen,Shellard,kshellardor@devhub.com,Female,Zloty,Euro,10/28/2019,24,12.66
893,Jethro,Lebbern,jlebbernos@samsung.com,Male,Peso,Denar,9/29/2019,10,10.1
894,Venus,Dunford,vdunfordot@zimbio.com,Female,Naira,Dong,12/26/2019,11,19.29
895,Chrisy,Abramamovh,cabramamovhou@nasa.gov,Male,Dollar,Euro,2/5/2020,26,8.81
896,Niki,Jenton,,Female,Pound,Peso,4/25/2020,6,16.81
897,Kathe,Longden,klongdenow@amazon.co.uk,Female,Krone,Ruble,4/23/2020,23,15.87
898,Doloritas,Kentish,dkentishox@ucoz.com,Female,Peso,Rupiah,6/22/2019,7,13.53
899,Simon,Bassano,sbassanooy@xrea.com,Male,Dollar,Zloty,8/20/2019,22,9.76
900,Alphonse,Mateo,amateooz@seattletimes.com,Male,Sol,Real,7/6/2019,5,15.76
901,Ellsworth,Tofano,etofanop0@fotki.com,Male,Ruble,Dong,4/28/2020,2,17.24
902,Michel,Wale,mwalep1@google.co.uk,Female,Real,Peso,5/11/2019,25,15.31
903,Carlyn,Woodroff,cwoodroffp2@upenn.edu,Female,Euro,Won,5/9/2019,13,4.53
904,Jobye,Aitcheson,jaitchesonp3@hexun.com,Female,Dinar,Krona,4/2/2020,16,6.24
905,Deny,MacGaughie,dmacgaughiep4@goo.ne.jp,Female,Peso,Forint,4/29/2019,5,17.66
906,Deeyn,Splevings,dsplevingsp5@ted.com,Female,Yuan Renminbi,Yuan Renminbi,12/9/2019,5,19.15
907,Eartha,Arrington,earringtonp6@redcross.org,Female,Rupiah,Zloty,11/1/2019,20,8.28
908,Alyse,Malloch,amallochp7@gov.uk,Female,Real,Yuan Renminbi,7/18/2019,11,4.75
909,Giraud,Scholey,gscholeyp8@i2i.jp,Male,Real,Rupiah,10/22/2019,2,3.65
910,Gustav,Safont,gsafontp9@oaic.gov.au,Male,Yuan Renminbi,Krona,4/21/2020,25,8.83
911,Chauncey,Algate,calgatepa@columbia.edu,Male,Afghani,Peso,5/13/2019,7,18.8
912,Bran,Blagburn,bblagburnpb@cnet.com,Male,Rand,Yuan Renminbi,4/28/2019,18,6.76
913,Rollie,Skrzynski,rskrzynskipc@google.fr,Male,Won,Dollar,11/29/2019,19,4.68
914,Cleo,Regenhardt,cregenhardtpd@flavors.me,Female,Dollar,Rupiah,10/19/2019,2,8.53
915,Tedie,Handrek,thandrekpe@paginegialle.it,Male,Yen,Dinar,1/26/2020,3,1.5
916,Jorgan,Quakley,jquakleypf@europa.eu,Male,Naira,Euro,11/18/2019,1,8.81
917,Arlene,Spittal,aspittalpg@taobao.com,Female,Real,Baht,2/3/2020,21,2.2
918,Regine,Gadault,rgadaultph@chron.com,Female,Krona,Peso,1/25/2020,7,6.08
919,Brandise,Bodell,bbodellpi@shareasale.com,Female,Manat,Dram,12/7/2019,26,16.85
920,Charmian,But,cbutpj@uol.com.br,Female,Peso,Yuan Renminbi,8/25/2019,19,14.43
921,Klarrisa,Krauze,kkrauzepk@ehow.com,Female,Quetzal,Gourde,1/12/2020,18,12.15
922,Thatch,Kenelin,tkenelinpl@cbslocal.com,Male,Rupiah,Yuan Renminbi,4/17/2020,10,4.91
923,Michal,Radage,mradagepm@sina.com.cn,Female,Tenge,Hryvnia,3/23/2020,30,1.53
924,Kendrick,Evered,keveredpn@berkeley.edu,Male,Peso,Afghani,4/8/2019,3,12.37
925,Helenelizabeth,Hallgarth,hhallgarthpo@google.com.au,Female,Euro,Peso,9/14/2019,4,8.43
926,Wade,Vedyasov,wvedyasovpp@hibu.com,Male,Yuan Renminbi,Yuan Renminbi,11/29/2019,25,4.55
927,Verina,Gerred,vgerredpq@wsj.com,Female,Bolivar,Yuan Renminbi,5/16/2019,9,11.18
928,Warner,Sharples,wsharplespr@cloudflare.com,Male,Rupiah,Euro,1/1/2020,5,2.19
929,Lesley,Blasl,lblaslps@geocities.com,Male,Euro,Krona,10/27/2019,12,12.39
930,Sioux,Cregeen,scregeenpt@nsw.gov.au,Female,Dong,Yuan Renminbi,2/14/2020,25,18.55
931,Basilius,Dorricott,bdorricottpu@boston.com,Male,Peso,Yuan Renminbi,8/25/2019,6,7.94
932,Cozmo,Fassum,cfassumpv@infoseek.co.jp,Male,Baht,Yuan Renminbi,6/17/2019,25,11.14
933,Alix,Hartness,ahartnesspw@ehow.com,Female,Yuan Renminbi,Peso,5/10/2019,5,17.32
934,Cirillo,Romme,crommepx@mayoclinic.com,Male,Peso,Peso,12/9/2019,2,16.38
935,Bride,Troyes,btroyespy@skyrock.com,Female,Rupiah,Rupee,1/31/2020,3,10.41
936,Averill,Carrick,acarrickpz@blog.com,Male,Yuan Renminbi,Yuan Renminbi,2/28/2020,16,3.98
937,Janka,Mowsley,jmowsleyq0@slideshare.net,Female,Yen,Yuan Renminbi,8/12/2019,23,10.98
938,Milton,Penhearow,mpenhearowq1@si.edu,Male,Yuan Renminbi,Dollar,1/7/2020,17,10.46
939,Bari,Pietron,bpietronq2@telegraph.co.uk,Female,Rupee,Zloty,9/2/2019,5,12.3
940,Colleen,Walkinshaw,cwalkinshawq3@goodreads.com,Female,Sol,Yuan Renminbi,2/7/2020,1,14.35
941,Shanon,Aldham,saldhamq4@ucla.edu,Female,Rupiah,Real,4/27/2019,26,9.92
942,Wernher,Kynaston,wkynastonq5@senate.gov,Male,Zloty,Zloty,9/14/2019,16,3.09
943,Ilse,Blanket,iblanketq6@mapquest.com,Female,Dollar,Shilling,5/1/2019,19,19.72
944,Eugine,Andras,eandrasq7@rediff.com,Female,Yuan Renminbi,Ruble,11/4/2019,20,2.58
945,Kerwinn,Claremont,kclaremontq8@google.com.br,Male,Kuna,Franc,6/30/2019,27,9.2
946,Adelind,Solomon,asolomonq9@cpanel.net,Female,Dollar,Rupiah,10/18/2019,30,13.38
947,Cecile,Raper,craperqa@myspace.com,Female,Zloty,Afghani,1/22/2020,28,13.16
948,Shay,Dewey,sdeweyqb@japanpost.jp,Female,Euro,Euro,6/13/2019,12,2.59
949,Munroe,Sidry,msidryqc@businessinsider.com,Male,Rupiah,Yuan Renminbi,6/18/2019,15,19.36
950,Garrot,Danzelman,gdanzelmanqd@t.co,Male,,Euro,5/28/2019,15,2.74
951,Orelee,Dixie,odixieqe@whitehouse.gov,Female,Rupiah,Euro,3/10/2020,12,19.53
952,Grace,Overstreet,goverstreetqf@reddit.com,Male,Yuan Renminbi,Boliviano,4/23/2020,30,14.73
953,Mufinella,Dwine,mdwineqg@youtu.be,Female,Peso,Euro,4/25/2020,27,11.72
954,Had,Aymeric,haymericqh@diigo.com,Male,Ruble,Yuan Renminbi,4/17/2020,9,13.23
955,Caspar,Kingsnoad,ckingsnoadqi@wikispaces.com,Male,Dollar,Euro,3/18/2020,14,5.25
956,Ellissa,Meeny,emeenyqj@nydailynews.com,Female,Peso,Euro,2/20/2020,23,4.37
957,Kiah,Wesson,kwessonqk@cbslocal.com,Female,Rupee,Bolivar,11/16/2019,12,10.38
958,Pace,Bengefield,pbengefieldql@icq.com,Male,Peso,Euro,11/6/2019,17,7.22
959,Jayne,Greenough,jgreenoughqm@zdnet.com,Female,Dollar,Lek,9/3/2019,28,17.81
960,Peyter,Shakle,pshakleqn@blogger.com,Male,Yuan Renminbi,Dinar,4/15/2020,25,5.62
961,Jamison,Kitcat,jkitcatqo@taobao.com,Male,Real,Rupiah,9/24/2019,2,18.86
962,Ariel,Dradey,adradeyqp@com.com,Male,Balboa,Rupiah,8/20/2019,3,13.74
963,Dedie,Lambertson,dlambertsonqq@usatoday.com,Female,Manat,Rupiah,11/29/2019,10,8.86
964,Martyn,Klemt,mklemtqr@mysql.com,Male,Litas,Rupiah,11/24/2019,30,9.11
965,Yettie,Whiffen,ywhiffenqs@sohu.com,Female,Franc,Bolivar,8/19/2019,8,12.1
966,Deb,Elvidge,delvidgeqt@mlb.com,Female,Yuan Renminbi,Rupiah,2/9/2020,13,13.16
967,Westbrooke,Ryles,,Male,Zloty,Pound,5/2/2019,16,6.88
968,Arden,Gait,agaitqv@apple.com,Female,Yuan Renminbi,Yuan Renminbi,6/23/2019,11,18.35
969,Alfie,Toyer,,Female,Euro,Yuan Renminbi,5/23/2019,19,17.27
970,Bonny,Conklin,bconklinqx@google.cn,Female,Peso,Euro,6/26/2019,25,5.91
971,Debi,Morten,dmortenqy@photobucket.com,Female,Shekel,Yuan Renminbi,2/12/2020,15,11.29
972,Saul,McDougald,smcdougaldqz@nymag.com,Male,Baht,Yuan Renminbi,1/17/2020,22,19.82
973,Jonah,Regis,jregisr0@domainmarket.com,Male,Ruble,Manat,11/8/2019,10,19.21
974,Terrill,Halvosen,thalvosenr1@livejournal.com,Male,Yuan Renminbi,Real,11/9/2019,18,3.11
975,Elvira,Dinneges,,Female,Real,Peso,4/1/2020,10,16.53
976,Caresa,Ziebart,cziebartr3@ftc.gov,Female,Manat,Shekel,3/14/2020,23,5.77
977,Sarita,Mattheus,smattheusr4@desdev.cn,Female,Denar,Yuan Renminbi,4/3/2020,9,12.14
978,Worthington,Coombes,wcoombesr5@sciencedaily.com,Male,Dollar,Peso,4/20/2020,15,7.21
979,Goran,Ogley,gogleyr6@arstechnica.com,Male,Lari,Peso,1/28/2020,20,7.95
980,Bat,Bertolaccini,bbertolaccinir7@answers.com,Male,Rupiah,Rupiah,4/1/2019,15,7.2
981,Teri,O'Looney,tolooneyr8@multiply.com,Female,Yuan Renminbi,Hryvnia,3/16/2020,13,19.2
982,Tessy,Roles,,Female,,Peso,8/5/2019,12,18.91
983,Terencio,Hall-Gough,thallgoughra@ftc.gov,Male,Yuan Renminbi,Yuan Renminbi,12/7/2019,10,14.43
984,Terrie,Moseby,tmosebyrb@ebay.co.uk,Female,Euro,Peso,12/20/2019,6,9.87
985,Cora,Lenaghen,clenaghenrc@house.gov,Female,Peso,Koruna,7/6/2019,14,12.79
986,Marylinda,Sallans,msallansrd@time.com,Female,Krona,Ruble,6/2/2019,29,18.48
987,Tasia,Balcock,tbalcockre@google.com.hk,Female,Peso,Shilling,7/3/2019,13,18.4
988,Meier,Cawley,mcawleyrf@dyndns.org,Male,Yuan Renminbi,Ruble,4/29/2019,2,12.45
989,Trueman,Schonfelder,tschonfelderrg@feedburner.com,Male,Euro,Dollar,5/15/2019,19,7.2
990,Gasparo,Brager,gbragerrh@google.com.au,Male,Manat,Yen,4/18/2019,19,15.2
991,Joey,Janicijevic,jjanicijevicri@uiuc.edu,Female,Dinar,Rupiah,7/11/2019,7,18.12
992,Tate,Easson,teassonrj@chron.com,Male,Yuan Renminbi,Peso,10/31/2019,23,18.35
993,Freddie,Toy,,Female,Peso,Euro,4/17/2019,1,13.35
994,Noemi,Jerdon,njerdonrl@paginegialle.it,Female,,Peso,7/12/2019,6,12.71
995,Wren,Golborn,wgolbornrm@youku.com,Female,Euro,Dram,4/4/2019,15,2.58
996,Geoff,Digan,gdiganrn@yelp.com,Male,Franc,Peso,1/21/2020,3,10.62
997,Adora,Arstingall,aarstingallro@addthis.com,Female,Tugrik,Yuan Renminbi,9/23/2019,13,18.7
998,Alon,Hattoe,ahattoerp@prweb.com,Male,Dollar,Peso,1/24/2020,11,4.39
999,Wang,Klimowski,wklimowskirq@who.int,Male,Som,Peso,4/13/2020,24,1.32
1000,Cirillo,Mityakov,cmityakovrr@nps.gov,Male,Baht,Real,3/14/2020,29,11.61
